{
"type": "FeatureCollection",
"name": "relief_climate_ndvi",
"crs": { "type": "name", "properties": { "name": "urn:ogc:def:crs:OGC:1.3:CRS84" } },
"features": [
{ "type": "Feature", "properties": { "district": "Nyarugenge", "mean_ndvi": 0.55, "provenance": "MODIS MOD13A3 v061 (NASA LP DAAC, CC0), annual-mean NDVI 2023" }, "geometry": { "type": "MultiPolygon", "coordinates": [ [ [ [ 29.989637181825746, -1.867557282346089 ], [ 29.993414418984639, -1.87396121806735 ], [ 29.995412896845849, -1.893486849733243 ], [ 30.004119627964663, -1.905726169603193 ], [ 30.019708810736955, -1.913983016542065 ], [ 30.014710070812011, -1.916386746218127 ], [ 30.014161739629294, -1.920499230366897 ], [ 30.022004149305936, -1.918560943833067 ], [ 30.024095459441948, -1.925293940604585 ], [ 30.031115373428801, -1.929476559783365 ], [ 30.028561933808387, -1.935048305794972 ], [ 30.03030562904177, -1.939722700576513 ], [ 30.033689696715328, -1.937896327727073 ], [ 30.034048742383455, -1.942969555084398 ], [ 30.041432843829753, -1.942420420122065 ], [ 30.049195883045506, -1.934490876593963 ], [ 30.059129845437258, -1.933654576245465 ], [ 30.074290252985978, -1.945044889538881 ], [ 30.07689011559091, -1.954824721528176 ], [ 30.072300061877325, -1.957693707399413 ], [ 30.069269647001853, -1.96913505748547 ], [ 30.060828752377695, -1.972991320273355 ], [ 30.060918084840125, -1.979552840204221 ], [ 30.04877640243684, -1.992512193062384 ], [ 30.048465129772801, -2.002128929855147 ], [ 30.06436655274188, -2.007945771535419 ], [ 30.065342328708468, -2.016967341333894 ], [ 30.072826405395915, -2.021237265900061 ], [ 30.078347256747925, -2.031797592237089 ], [ 30.081728067677947, -2.040075603250081 ], [ 30.08234765784135, -2.057417028543321 ], [ 30.08679488358597, -2.062477290806557 ], [ 30.081635157754317, -2.064792338893925 ], [ 30.079099208547799, -2.062395195041125 ], [ 30.076877183720153, -2.069253242765563 ], [ 30.073157954298814, -2.064179149737408 ], [ 30.071417885816729, -2.068509396082028 ], [ 30.064542164081193, -2.071070517842658 ], [ 30.062288786416648, -2.066697447246258 ], [ 30.054482106937005, -2.064537789921986 ], [ 30.057990235376547, -2.05577112470012 ], [ 30.046707144354706, -2.05467037751191 ], [ 30.04522928047616, -2.059553109606225 ], [ 30.038491039725777, -2.059232389457142 ], [ 30.039853772735796, -2.061876090632656 ], [ 30.036589935888266, -2.065625867784207 ], [ 30.040289847002796, -2.065664487234396 ], [ 30.039352810337444, -2.068907885406728 ], [ 30.027198898627812, -2.063926773158764 ], [ 30.027644174804887, -2.069658985045372 ], [ 30.024509403946329, -2.068171916343489 ], [ 30.016336180091002, -2.075768531639411 ], [ 30.015705295269846, -2.070491978465287 ], [ 30.012581564999547, -2.072977274119951 ], [ 30.008234883970239, -2.070143927606959 ], [ 30.005446952628969, -2.073067010889726 ], [ 30.003285683872985, -2.067029660491786 ], [ 30.000026532726693, -2.069969798541494 ], [ 29.99706144766499, -2.066695201692209 ], [ 29.994026752496733, -2.068348215834011 ], [ 29.987592093790163, -2.057435972732955 ], [ 29.983651652009851, -2.057843955296284 ], [ 29.987431156542875, -2.050983578086599 ], [ 29.983362597025675, -2.043679293209995 ], [ 29.986247218719665, -2.043939939257218 ], [ 29.99743174357511, -2.030008516498469 ], [ 30.002675188280467, -2.028309855249601 ], [ 30.002139259440455, -2.031493185648853 ], [ 30.008911867449005, -2.028138845893191 ], [ 30.005201413601885, -2.024075014666227 ], [ 30.005827169586542, -2.019802895631535 ], [ 30.013391404639531, -2.018917512119544 ], [ 30.015506853734493, -2.012823873526334 ], [ 30.010347795369626, -2.012981948077301 ], [ 30.008619896510048, -2.007162979197838 ], [ 30.004469264752391, -2.007656805038537 ], [ 30.003556338584332, -2.002016230403151 ], [ 29.999357464983902, -2.000965202191395 ], [ 30.000881167930821, -1.998438293148979 ], [ 29.995108429929434, -1.997502397632686 ], [ 29.997115572038989, -1.992620518196517 ], [ 29.992991234686844, -1.993226765094914 ], [ 29.99802780752325, -1.987733702178007 ], [ 29.995695832864271, -1.983663678052122 ], [ 30.00226414054509, -1.983356406415864 ], [ 29.998074189537316, -1.971217418180873 ], [ 30.00366979028778, -1.969686260548323 ], [ 30.003430876376516, -1.95553772417829 ], [ 29.998708256998171, -1.956905546743933 ], [ 29.998404770359659, -1.947659733080376 ], [ 29.995569185553098, -1.945842834673786 ], [ 29.998678085564389, -1.94061980977443 ], [ 29.992201030593158, -1.939114474384063 ], [ 29.987037755059134, -1.931568149698273 ], [ 29.989897415925938, -1.929721684709482 ], [ 29.985488772931923, -1.929185098754625 ], [ 29.988566074653981, -1.925323556557964 ], [ 29.982840284368503, -1.913378276539226 ], [ 29.99250167340719, -1.907353279724386 ], [ 29.986169408335609, -1.896341171174203 ], [ 29.978028572604433, -1.890675777574023 ], [ 29.980371672564758, -1.886754947209205 ], [ 29.977519338660155, -1.881042572466217 ], [ 29.979999069382714, -1.871359926917409 ], [ 29.989637181825746, -1.867557282346089 ] ] ] ] } },
{ "type": "Feature", "properties": { "district": "Gasabo", "mean_ndvi": 0.55, "provenance": "MODIS MOD13A3 v061 (NASA LP DAAC, CC0), annual-mean NDVI 2023" }, "geometry": { "type": "MultiPolygon", "coordinates": [ [ [ [ 30.147858524574723, -1.792688634934599 ], [ 30.163922475468041, -1.790795284641178 ], [ 30.182572899908894, -1.805967515601551 ], [ 30.205046971038268, -1.831932690847502 ], [ 30.220296265385283, -1.842113981085759 ], [ 30.24777376607263, -1.84574849773639 ], [ 30.247571173766374, -1.857421777713976 ], [ 30.265230082432076, -1.864939066052052 ], [ 30.258166649881531, -1.875661348321423 ], [ 30.258090412488656, -1.894404745477241 ], [ 30.272941904237587, -1.900107337831428 ], [ 30.270679324281893, -1.908400312311497 ], [ 30.277002582771122, -1.935283375397161 ], [ 30.265223839489984, -1.953371464546941 ], [ 30.254064348249486, -1.95137929211506 ], [ 30.233980430216537, -1.96150714434897 ], [ 30.231770352412962, -1.968471667416344 ], [ 30.235914807614343, -1.981242450738428 ], [ 30.219191673841149, -1.982821614750596 ], [ 30.21066051828733, -1.987603242160739 ], [ 30.183723708876673, -1.987305913223021 ], [ 30.183421366598051, -1.97816920450437 ], [ 30.179066701388393, -1.971388468579241 ], [ 30.13955065772431, -1.952742764726251 ], [ 30.123726740301095, -1.962253321188671 ], [ 30.116950762407981, -1.959413064313275 ], [ 30.100774379956338, -1.968895417706386 ], [ 30.098453397428926, -1.964179151792765 ], [ 30.09736790274258, -1.966926696120985 ], [ 30.084591971860743, -1.964384933881631 ], [ 30.077367643103532, -1.95712580822957 ], [ 30.073206439371091, -1.943673405805606 ], [ 30.059129845437258, -1.933654576245465 ], [ 30.049195883045506, -1.934490876593963 ], [ 30.041432843829753, -1.942420420122065 ], [ 30.034048742383455, -1.942969555084398 ], [ 30.033809782728007, -1.93802580538892 ], [ 30.03030562904177, -1.939722700576513 ], [ 30.028561933808387, -1.935048305794972 ], [ 30.031115373428801, -1.929476559783365 ], [ 30.024095459441948, -1.925293940604585 ], [ 30.022004149305936, -1.918560943833067 ], [ 30.014161739629294, -1.920499230366897 ], [ 30.014710070812011, -1.916386746218127 ], [ 30.01962592253745, -1.913874625528126 ], [ 30.004119627964663, -1.905726169603193 ], [ 29.995412896845849, -1.893486849733243 ], [ 29.993414418984639, -1.87396121806735 ], [ 29.989085152575822, -1.865882897334615 ], [ 29.992971332442551, -1.855462574851592 ], [ 29.991144582817256, -1.847507428512465 ], [ 29.997553004452595, -1.842374118054757 ], [ 30.015840770938787, -1.836315760674735 ], [ 30.029369544655424, -1.865193601378672 ], [ 30.045523428467948, -1.853896979911899 ], [ 30.051496297495188, -1.844674362857662 ], [ 30.057025034700544, -1.844266806347866 ], [ 30.05654683007948, -1.837531496606347 ], [ 30.063458256859164, -1.828838290447259 ], [ 30.094719778250013, -1.820575578222903 ], [ 30.099531533928982, -1.812684352594881 ], [ 30.113863374755585, -1.820739475577978 ], [ 30.118638120357431, -1.81926306740541 ], [ 30.128030111920683, -1.808981007694915 ], [ 30.130281825225229, -1.790041531418431 ], [ 30.138108564310247, -1.779656422461448 ], [ 30.142603359670751, -1.780720144666798 ], [ 30.147858524574723, -1.792688634934599 ] ] ] ] } },
{ "type": "Feature", "properties": { "district": "Kicukiro", "mean_ndvi": 0.49, "provenance": "MODIS MOD13A3 v061 (NASA LP DAAC, CC0), annual-mean NDVI 2023" }, "geometry": { "type": "MultiPolygon", "coordinates": [ [ [ [ 30.138367941357032, -1.952900236800498 ], [ 30.179066701388393, -1.971388468579241 ], [ 30.183421366598051, -1.97816920450437 ], [ 30.183723708876673, -1.987305913223021 ], [ 30.21066051828733, -1.987603242160739 ], [ 30.219191673841149, -1.982821614750596 ], [ 30.235914807614343, -1.981242450738428 ], [ 30.229974096548041, -2.012063983720749 ], [ 30.228657635627421, -2.043305465124102 ], [ 30.22059337704281, -2.06065265034137 ], [ 30.22179649965874, -2.07243066693233 ], [ 30.210867421329578, -2.075629060072568 ], [ 30.208068037757393, -2.079743457455882 ], [ 30.20466095626773, -2.073546956935621 ], [ 30.20680283475798, -2.068037846465122 ], [ 30.203923752878723, -2.06793822325811 ], [ 30.204830315027053, -2.065308196552308 ], [ 30.200945047646801, -2.066473776552694 ], [ 30.19913192359515, -2.057039552033755 ], [ 30.195097222578443, -2.061751684527581 ], [ 30.19266644064799, -2.060456595515881 ], [ 30.190753693636342, -2.055744463720377 ], [ 30.193782209386178, -2.053582661645266 ], [ 30.189697698893678, -2.042554480814682 ], [ 30.180990715221522, -2.033618366753293 ], [ 30.175372022049654, -2.035192397035103 ], [ 30.173020936857434, -2.028258690807053 ], [ 30.171945016247996, -2.031307130304208 ], [ 30.166665038396246, -2.030051890589819 ], [ 30.16558911909538, -2.033877384144619 ], [ 30.162431093440301, -2.029474081589258 ], [ 30.161604229282073, -2.032024410109248 ], [ 30.157958056021073, -2.030799057147814 ], [ 30.157539642950155, -2.035620773508769 ], [ 30.152737850781619, -2.034365533513966 ], [ 30.147218779402106, -2.040940600887174 ], [ 30.137246593511588, -2.039545889113738 ], [ 30.138202967709333, -2.043331533642942 ], [ 30.134686302583649, -2.042952969826932 ], [ 30.137117085757222, -2.046091069541731 ], [ 30.134726151576132, -2.047645176333102 ], [ 30.132903064666319, -2.043859531375799 ], [ 30.127921953561952, -2.052815570396533 ], [ 30.123608310345574, -2.049567885330628 ], [ 30.125700377784508, -2.055365899314506 ], [ 30.119822665795592, -2.056332234493363 ], [ 30.118906141779959, -2.059809050899489 ], [ 30.118168936524985, -2.054688467625917 ], [ 30.113715823675477, -2.060267313325317 ], [ 30.110119460673044, -2.05627246157344 ], [ 30.10420023948965, -2.060034861167921 ], [ 30.101676476791642, -2.055890576855932 ], [ 30.096004651373839, -2.064484654424294 ], [ 30.094981862497519, -2.06105764929257 ], [ 30.09134233096778, -2.064006467378869 ], [ 30.091820517714464, -2.059716070523317 ], [ 30.08679488358597, -2.062477290806557 ], [ 30.08234765784135, -2.057417028543321 ], [ 30.081728067677947, -2.040075603250081 ], [ 30.078347256747925, -2.031797592237089 ], [ 30.072826405395915, -2.021237265900061 ], [ 30.065342328708468, -2.016967341333894 ], [ 30.06436655274188, -2.007945771535419 ], [ 30.052934478365582, -2.001873771651748 ], [ 30.048530202005193, -2.002768807149771 ], [ 30.04877640243684, -1.992512193062384 ], [ 30.060918084840125, -1.979552840204221 ], [ 30.060828752377695, -1.972991320273355 ], [ 30.069269647001853, -1.96913505748547 ], [ 30.075109777642552, -1.955226110932387 ], [ 30.083426579433606, -1.963870833858275 ], [ 30.09736790274258, -1.966926696120985 ], [ 30.098453397428926, -1.964179151792765 ], [ 30.100774379956338, -1.968895417706386 ], [ 30.116950762407981, -1.959413064313275 ], [ 30.123726740301095, -1.962253321188671 ], [ 30.138367941357032, -1.952900236800498 ] ] ] ] } },
{ "type": "Feature", "properties": { "district": "Nyanza", "mean_ndvi": 0.57, "provenance": "MODIS MOD13A3 v061 (NASA LP DAAC, CC0), annual-mean NDVI 2023" }, "geometry": { "type": "MultiPolygon", "coordinates": [ [ [ [ 29.931955702833513, -2.234129559332312 ], [ 29.963574657516411, -2.231894644315675 ], [ 29.972768646807552, -2.235666138309271 ], [ 29.983553710457073, -2.232699594375636 ], [ 29.984797886894285, -2.237321434931334 ], [ 29.984533215587771, -2.243254761692043 ], [ 29.97799301112541, -2.251426873389314 ], [ 29.979244393513142, -2.255918673675436 ], [ 29.973266803512523, -2.263966488098162 ], [ 29.973290982343244, -2.274785419587948 ], [ 29.966902109700865, -2.28724387962601 ], [ 29.961534065673014, -2.290225741677153 ], [ 29.961243567724907, -2.303970452512498 ], [ 29.966184829792155, -2.317638622444213 ], [ 29.956198930970999, -2.330394150905957 ], [ 29.957483840297868, -2.3490253309981 ], [ 29.944384907921702, -2.366692829033554 ], [ 29.944884593933825, -2.373438601038527 ], [ 29.954949714553024, -2.388964583883139 ], [ 29.955594135603956, -2.396861488458471 ], [ 29.929677822837672, -2.436293853521879 ], [ 29.902615583252292, -2.447306624583253 ], [ 29.852435603788031, -2.455769160795248 ], [ 29.827120545395072, -2.450090019807244 ], [ 29.818388458089785, -2.442052977269196 ], [ 29.816487193766914, -2.423424302431354 ], [ 29.828171197068958, -2.416015350534925 ], [ 29.835419319694182, -2.418392475378226 ], [ 29.831232846255222, -2.410513389128379 ], [ 29.834080826081518, -2.404812248368656 ], [ 29.814079580374152, -2.395046714477977 ], [ 29.8089146775873, -2.384655736177101 ], [ 29.798608675661772, -2.380783264304625 ], [ 29.791345329374025, -2.3686188007592 ], [ 29.778389312544093, -2.376429940589872 ], [ 29.772858853692689, -2.376427113549329 ], [ 29.761979306761038, -2.387475018066672 ], [ 29.738463217766025, -2.39376831370214 ], [ 29.733311686365052, -2.403248866856406 ], [ 29.720095327555736, -2.400290925602433 ], [ 29.699879630861453, -2.406004849809352 ], [ 29.696078180027687, -2.404701596567032 ], [ 29.692031580063464, -2.392779310327596 ], [ 29.683458579256062, -2.392003210246357 ], [ 29.676492697486477, -2.404688808851609 ], [ 29.677647844506968, -2.409985675338771 ], [ 29.665301823119353, -2.4183908248828 ], [ 29.64147576235186, -2.409561405380491 ], [ 29.635863294007716, -2.397869919813695 ], [ 29.636351674420023, -2.389318122803372 ], [ 29.631339057911454, -2.38807750240965 ], [ 29.62933241402515, -2.376690519138507 ], [ 29.622625716892479, -2.367069381200556 ], [ 29.623755668716466, -2.354420204534054 ], [ 29.601594485605215, -2.37167618525501 ], [ 29.595205275981801, -2.365054380687008 ], [ 29.592251552970659, -2.356021966885792 ], [ 29.583062292754125, -2.347571233825704 ], [ 29.582244894326742, -2.331245280167995 ], [ 29.589221494404498, -2.330688616927276 ], [ 29.590908567080859, -2.320387038728443 ], [ 29.611890917468301, -2.30412925754744 ], [ 29.617336351746928, -2.289090547435868 ], [ 29.610602576456643, -2.285533732148907 ], [ 29.602919165849833, -2.275243141735572 ], [ 29.600985362662417, -2.262328104345419 ], [ 29.595499396887842, -2.257212207504501 ], [ 29.601081279959946, -2.252857826653354 ], [ 29.614322282558284, -2.254809499530253 ], [ 29.628779727933608, -2.263383332158799 ], [ 29.633600780877781, -2.260976053674596 ], [ 29.636569524112485, -2.251758292047496 ], [ 29.643239866686638, -2.253291354136958 ], [ 29.647021042646305, -2.261954767339347 ], [ 29.659176379073092, -2.250846491758049 ], [ 29.679890242409833, -2.272794704433618 ], [ 29.686315460793331, -2.269833535547677 ], [ 29.689178341346192, -2.271944591163279 ], [ 29.695558092130508, -2.267596070114474 ], [ 29.693463115971102, -2.245217447831231 ], [ 29.709550533823659, -2.247549183469378 ], [ 29.713511935281765, -2.241718105174881 ], [ 29.723359231133308, -2.247176040381233 ], [ 29.737266283503384, -2.247965596932698 ], [ 29.741492191543628, -2.240430239237888 ], [ 29.749214989666239, -2.24554150793364 ], [ 29.753057162253029, -2.258110558934084 ], [ 29.77080120357542, -2.268953611603781 ], [ 29.780568731255524, -2.280196347600311 ], [ 29.793725243029868, -2.281074007558764 ], [ 29.798795315451017, -2.273865587515916 ], [ 29.800372156382149, -2.264235708514969 ], [ 29.806450010549614, -2.261332789206134 ], [ 29.812979409901256, -2.263175129656286 ], [ 29.818766148030974, -2.259363303053006 ], [ 29.827147066279935, -2.262686456420206 ], [ 29.844131446613609, -2.28342674729424 ], [ 29.850698483668872, -2.282905521636283 ], [ 29.853659556543889, -2.286456701678898 ], [ 29.865190296538152, -2.283909237042403 ], [ 29.870894781281429, -2.279210501920469 ], [ 29.886119168815771, -2.277279915050337 ], [ 29.908123169735006, -2.284208792039899 ], [ 29.915944069027319, -2.278089032797077 ], [ 29.906414458529731, -2.259185988387076 ], [ 29.907216244978446, -2.249381849807464 ], [ 29.904616213911055, -2.246289506931511 ], [ 29.898870008860442, -2.246681621102007 ], [ 29.902868524266868, -2.234109097257469 ], [ 29.910469234375604, -2.232546348146401 ], [ 29.922315229665891, -2.239941032876383 ], [ 29.931955702833513, -2.234129559332312 ] ] ] ] } },
{ "type": "Feature", "properties": { "district": "Gisagara", "mean_ndvi": 0.58, "provenance": "MODIS MOD13A3 v061 (NASA LP DAAC, CC0), annual-mean NDVI 2023" }, "geometry": { "type": "MultiPolygon", "coordinates": [ [ [ [ 29.955594135603956, -2.396861488458471 ], [ 29.962659167888045, -2.414270151200902 ], [ 29.962980395524724, -2.435970835853106 ], [ 29.970796924940196, -2.460669641607305 ], [ 29.96722773342076, -2.471377215952377 ], [ 29.968405566141172, -2.484797376050421 ], [ 29.964193920662101, -2.489865628017485 ], [ 29.956234623502912, -2.490115471215303 ], [ 29.950952220241209, -2.496754167333603 ], [ 29.943171382657141, -2.499109833902694 ], [ 29.939209579970449, -2.5154924227675 ], [ 29.93460532258857, -2.520489290571373 ], [ 29.934498246796871, -2.534730364973376 ], [ 29.921435005691464, -2.557573190443353 ], [ 29.932131598706714, -2.59031526069688 ], [ 29.928871738054035, -2.633026585391509 ], [ 29.93662877974268, -2.642139921424764 ], [ 29.929395218409123, -2.658010926014395 ], [ 29.930703922055354, -2.665339666162596 ], [ 29.918925590390838, -2.702792382379521 ], [ 29.894417142123089, -2.735248230237743 ], [ 29.89187111875378, -2.744908841644542 ], [ 29.893965043803487, -2.747240713449569 ], [ 29.890038933920632, -2.751428564692047 ], [ 29.879664483179383, -2.752665884453821 ], [ 29.881663230400903, -2.756687173560339 ], [ 29.877975066318076, -2.760922614443236 ], [ 29.866577448026717, -2.760613284825553 ], [ 29.859153529206701, -2.764896314724651 ], [ 29.854608758804137, -2.763873146458349 ], [ 29.85208653007086, -2.767704078464063 ], [ 29.839975073864366, -2.769631441373889 ], [ 29.833836064149185, -2.775318353419312 ], [ 29.832075262953627, -2.7822425847585 ], [ 29.825032059523046, -2.776127370082829 ], [ 29.81372961864092, -2.774818666434893 ], [ 29.807186101586201, -2.760779847010193 ], [ 29.795550536562473, -2.758709716176163 ], [ 29.786794120427039, -2.766847472100504 ], [ 29.772731505743799, -2.766062249919154 ], [ 29.76994753643854, -2.767965819349228 ], [ 29.764379598215498, -2.794925112140472 ], [ 29.753957558449873, -2.811628928472433 ], [ 29.745129758369945, -2.807940763740254 ], [ 29.73251861449117, -2.811557544236967 ], [ 29.723524252031307, -2.818886284269428 ], [ 29.722120370092576, -2.81626887763589 ], [ 29.719312605985117, -2.818814900885463 ], [ 29.715172343951114, -2.816268877879291 ], [ 29.708248112225682, -2.819957041965749 ], [ 29.705273786368011, -2.8127948647147 ], [ 29.700877708556401, -2.810859294253421 ], [ 29.701860333232958, -2.804770215694001 ], [ 29.698029186522913, -2.798368883188135 ], [ 29.701775866796968, -2.785330920870535 ], [ 29.712139612347823, -2.773041943709581 ], [ 29.714360939414664, -2.764036205724265 ], [ 29.712213477074094, -2.762096679146916 ], [ 29.716925485088634, -2.756250411321475 ], [ 29.718524308502246, -2.744769040746657 ], [ 29.723260450011285, -2.741245592760523 ], [ 29.7234173152744, -2.732642106906443 ], [ 29.74379780580281, -2.711314388569218 ], [ 29.746077102857996, -2.696666164498042 ], [ 29.75784880184414, -2.686659524611912 ], [ 29.766723751603251, -2.670692203532001 ], [ 29.769250801887971, -2.633644686533949 ], [ 29.773294405926187, -2.623507036127921 ], [ 29.757491852733786, -2.599394040388765 ], [ 29.759951001636871, -2.570777586861381 ], [ 29.766564210581503, -2.562238591183382 ], [ 29.767879730965582, -2.554661160045485 ], [ 29.763059125968923, -2.534949829247596 ], [ 29.786084778580573, -2.517227976129276 ], [ 29.786343540063932, -2.505964287316735 ], [ 29.79757052862055, -2.510214910071013 ], [ 29.803960464923229, -2.506434138375148 ], [ 29.804286510974261, -2.489906652543495 ], [ 29.822308449966016, -2.476969850929019 ], [ 29.840825327950974, -2.457292399300535 ], [ 29.846351517625891, -2.453461586097132 ], [ 29.852435603788031, -2.455769160795248 ], [ 29.867822138066469, -2.451189042251684 ], [ 29.884147839944141, -2.451975544229487 ], [ 29.92457169331022, -2.440211466050875 ], [ 29.934099657442491, -2.431740851113304 ], [ 29.955594135603956, -2.396861488458471 ] ] ] ] } },
{ "type": "Feature", "properties": { "district": "Nyaruguru", "mean_ndvi": 0.66, "provenance": "MODIS MOD13A3 v061 (NASA LP DAAC, CC0), annual-mean NDVI 2023" }, "geometry": { "type": "MultiPolygon", "coordinates": [ [ [ [ 29.540446740886729, -2.532928051354611 ], [ 29.54024747141542, -2.537019241539321 ], [ 29.558244348496288, -2.547921324708106 ], [ 29.566567005115033, -2.545434954180579 ], [ 29.588659046444452, -2.554587314196982 ], [ 29.596115917113533, -2.552049045308644 ], [ 29.598049489946263, -2.55719411390075 ], [ 29.602781041497391, -2.557105948504402 ], [ 29.605181245576048, -2.57057254584488 ], [ 29.61349505955728, -2.57564429015608 ], [ 29.618468014811711, -2.587868299153449 ], [ 29.609264264677236, -2.602761715792657 ], [ 29.613669482907454, -2.61357507356766 ], [ 29.612305735774203, -2.621198947091209 ], [ 29.607866885505842, -2.625555724575842 ], [ 29.609862993766679, -2.629561557407427 ], [ 29.618446050390713, -2.628324000293593 ], [ 29.62586141607623, -2.633641325156166 ], [ 29.630322544543329, -2.631184948340956 ], [ 29.636632607288341, -2.632629329687861 ], [ 29.640686560017599, -2.639012768843149 ], [ 29.639131533755929, -2.650682231264234 ], [ 29.641437528088577, -2.654844045875508 ], [ 29.651842814886258, -2.645929475577865 ], [ 29.669950061677454, -2.641913202086347 ], [ 29.672180068630951, -2.64697533737566 ], [ 29.668670837315869, -2.656962900255384 ], [ 29.682709872785306, -2.668641123677628 ], [ 29.682738780899541, -2.674104633858691 ], [ 29.688881899023933, -2.674473256086519 ], [ 29.704118425051583, -2.683201005630226 ], [ 29.724527916455301, -2.679868560620562 ], [ 29.746892355134026, -2.695662298295139 ], [ 29.74379780580281, -2.711314388569218 ], [ 29.7234173152744, -2.732642106906443 ], [ 29.723260450011285, -2.741245592760523 ], [ 29.718524308502246, -2.744769040746657 ], [ 29.716925485088634, -2.756250411321475 ], [ 29.712213477074094, -2.762096679146916 ], [ 29.714360939414664, -2.764036205724265 ], [ 29.712139612347823, -2.773041943709581 ], [ 29.701775866796968, -2.785330920870535 ], [ 29.697938686438079, -2.797554387355461 ], [ 29.701486268906834, -2.809814054829573 ], [ 29.689807289688545, -2.807107952294876 ], [ 29.685310108155065, -2.800516845281886 ], [ 29.679218688462615, -2.800159926122264 ], [ 29.660611303611411, -2.788262621183618 ], [ 29.648166721948993, -2.787667756223073 ], [ 29.639267537703727, -2.789690297897432 ], [ 29.630344559120406, -2.803871885452973 ], [ 29.621302607646918, -2.805846838118577 ], [ 29.616186766139872, -2.810581965673981 ], [ 29.608976999733219, -2.810534376443427 ], [ 29.605883700585764, -2.807012773797392 ], [ 29.591511755437388, -2.808535629069625 ], [ 29.588632607559266, -2.803205636627487 ], [ 29.573975128233219, -2.812176204243269 ], [ 29.565884960634719, -2.81210482041068 ], [ 29.551608194705285, -2.818434187012385 ], [ 29.543541821546818, -2.817696554387283 ], [ 29.542471064300074, -2.83023631364367 ], [ 29.532548711617775, -2.82764270145753 ], [ 29.521389040319164, -2.830331491776627 ], [ 29.507659549494846, -2.822360298028446 ], [ 29.502448529930131, -2.814674638964635 ], [ 29.492050285637983, -2.809535002617974 ], [ 29.486030249414835, -2.802563181777833 ], [ 29.478154233278637, -2.808868753730494 ], [ 29.463377780628033, -2.809987100608227 ], [ 29.457286360667666, -2.8053471514545 ], [ 29.4567628789735, -2.80099273813671 ], [ 29.438107904587369, -2.798089795793758 ], [ 29.400369653548371, -2.822265119506664 ], [ 29.395515552829057, -2.817173072917425 ], [ 29.389781051980865, -2.818981462777504 ], [ 29.377146113891552, -2.833377202077003 ], [ 29.377407854863577, -2.838445453740932 ], [ 29.370626390261233, -2.840087282082229 ], [ 29.367652063872704, -2.832710952863907 ], [ 29.361679617325084, -2.832877515537018 ], [ 29.364796711269747, -2.828546896014928 ], [ 29.36110854694741, -2.824478017652301 ], [ 29.361584438912924, -2.818505571221286 ], [ 29.351614496706475, -2.803895680392694 ], [ 29.351709675263479, -2.797923233464191 ], [ 29.356730338349546, -2.792069759271508 ], [ 29.347973922216898, -2.777055359751465 ], [ 29.350496150710338, -2.768893808599485 ], [ 29.338218131225705, -2.764586984784418 ], [ 29.340811744019486, -2.753189366526569 ], [ 29.333078496246372, -2.747050356452612 ], [ 29.354755385758935, -2.730727254060546 ], [ 29.348735349506306, -2.722422935244759 ], [ 29.349330214676765, -2.714190000022595 ], [ 29.345832407250295, -2.711834333714823 ], [ 29.343381562452404, -2.701626445890879 ], [ 29.3351486271706, -2.691561326554646 ], [ 29.331912560228282, -2.693512484101456 ], [ 29.328105422479815, -2.690324006608236 ], [ 29.3290554918518, -2.682621983366233 ], [ 29.34907449014036, -2.6767293557201 ], [ 29.354235048775863, -2.666124685074305 ], [ 29.35206507991677, -2.660241731101717 ], [ 29.357103965732417, -2.645256193718513 ], [ 29.367930544394568, -2.631379770186018 ], [ 29.353585315410001, -2.596971194409239 ], [ 29.344254210418477, -2.596213782854088 ], [ 29.342266043375634, -2.590857626414692 ], [ 29.345008149140593, -2.585270009920658 ], [ 29.339826374647433, -2.580742759366287 ], [ 29.345441751705302, -2.575396056302252 ], [ 29.34904098457973, -2.577308405049825 ], [ 29.361132047338298, -2.569933885754039 ], [ 29.363147241831008, -2.554768222768156 ], [ 29.374251436488116, -2.553917791625785 ], [ 29.380095111510048, -2.55809705162288 ], [ 29.390834836907917, -2.553188851903855 ], [ 29.398926077500182, -2.553686960634086 ], [ 29.402072672049076, -2.557659687615699 ], [ 29.413140419317777, -2.55605601734941 ], [ 29.422276476006942, -2.559603528474142 ], [ 29.424524042659122, -2.569845144138582 ], [ 29.428350402265004, -2.570697767496739 ], [ 29.428347466796893, -2.577294362573239 ], [ 29.433651668149533, -2.576519196534718 ], [ 29.436093763769129, -2.58106851383203 ], [ 29.443368328644684, -2.581589603354203 ], [ 29.445686722935317, -2.594675739815523 ], [ 29.45598556251128, -2.600031798241288 ], [ 29.459452501344735, -2.598110808491348 ], [ 29.461377463280936, -2.587886990660833 ], [ 29.471214022884627, -2.586662398173072 ], [ 29.474031343749829, -2.590209735587017 ], [ 29.485984831812491, -2.583591266782553 ], [ 29.479670112335459, -2.573048432094073 ], [ 29.484555328710098, -2.568864093550458 ], [ 29.491853698409283, -2.568713820472691 ], [ 29.492633250500901, -2.563262361570632 ], [ 29.498959911936186, -2.556372815871139 ], [ 29.518827964922107, -2.552099097201383 ], [ 29.520373509419539, -2.5460069501302 ], [ 29.531157837718535, -2.54212095860468 ], [ 29.534142928551443, -2.533596823549442 ], [ 29.540446740886729, -2.532928051354611 ] ] ] ] } },
{ "type": "Feature", "properties": { "district": "Huye", "mean_ndvi": 0.59, "provenance": "MODIS MOD13A3 v061 (NASA LP DAAC, CC0), annual-mean NDVI 2023" }, "geometry": { "type": "MultiPolygon", "coordinates": [ [ [ [ 29.791345329374025, -2.3686188007592 ], [ 29.798608675661772, -2.380783264304625 ], [ 29.8089146775873, -2.384655736177101 ], [ 29.814079580374152, -2.395046714477977 ], [ 29.834080826081518, -2.404812248368656 ], [ 29.831232846255222, -2.410513389128379 ], [ 29.835419319694182, -2.418392475378226 ], [ 29.828171197068958, -2.416015350534925 ], [ 29.816487193766914, -2.423424302431354 ], [ 29.818776971725438, -2.442729272618182 ], [ 29.827120545395072, -2.450090019807244 ], [ 29.846032947689508, -2.453621750924766 ], [ 29.833424952386132, -2.463069239733594 ], [ 29.822308449966016, -2.476969850929019 ], [ 29.804286510974261, -2.489906652543495 ], [ 29.803960464923229, -2.506434138375148 ], [ 29.79757052862055, -2.510214910071013 ], [ 29.786343540063932, -2.505964287316735 ], [ 29.786084778580573, -2.517227976129276 ], [ 29.763059125968923, -2.534949829247596 ], [ 29.767879730965582, -2.554661160045485 ], [ 29.766564210581503, -2.562238591183382 ], [ 29.759951001636871, -2.570777586861381 ], [ 29.757491852733786, -2.599394040388765 ], [ 29.77325652239189, -2.624001135878097 ], [ 29.769250801887971, -2.633644686533949 ], [ 29.766482478497696, -2.671814097156617 ], [ 29.75784880184414, -2.686659524611912 ], [ 29.746892355134026, -2.695662298295139 ], [ 29.724527916455301, -2.679868560620562 ], [ 29.704118425051583, -2.683201005630226 ], [ 29.688881899023933, -2.674473256086519 ], [ 29.682738780899541, -2.674104633858691 ], [ 29.682709872785306, -2.668641123677628 ], [ 29.668670837315869, -2.656962900255384 ], [ 29.672180068630951, -2.64697533737566 ], [ 29.669950061677454, -2.641913202086347 ], [ 29.651842814886258, -2.645929475577865 ], [ 29.641602897651676, -2.65492673117332 ], [ 29.639131533755929, -2.650682231264234 ], [ 29.640686560017599, -2.639012768843149 ], [ 29.636632607288341, -2.632629329687861 ], [ 29.630322544543329, -2.631184948340956 ], [ 29.62586141607623, -2.633641325156166 ], [ 29.618446050390713, -2.628324000293593 ], [ 29.609862993766679, -2.629561557407427 ], [ 29.607653121999579, -2.624990930318501 ], [ 29.612305735774203, -2.621198947091209 ], [ 29.613669482907454, -2.61357507356766 ], [ 29.609264264677236, -2.602761715792657 ], [ 29.617091804782831, -2.593249154456439 ], [ 29.618306836522319, -2.586157336739784 ], [ 29.61349505955728, -2.57564429015608 ], [ 29.605181245576048, -2.57057254584488 ], [ 29.602781041497391, -2.557105948504402 ], [ 29.598049489946263, -2.55719411390075 ], [ 29.596115917113533, -2.552049045308644 ], [ 29.588049863048919, -2.55384275539302 ], [ 29.591357013645332, -2.536979760630189 ], [ 29.583390660265486, -2.524398024034455 ], [ 29.589737849677526, -2.516205169262091 ], [ 29.604132774754227, -2.507830838332099 ], [ 29.596926468659191, -2.495638794225584 ], [ 29.596731077002389, -2.476417978809252 ], [ 29.600873092912082, -2.473750514548564 ], [ 29.610447152760006, -2.477962331778192 ], [ 29.616585517964353, -2.469670533760663 ], [ 29.632054618056429, -2.462920847518852 ], [ 29.641981961483342, -2.444312296555401 ], [ 29.642187942898499, -2.437556325705964 ], [ 29.657127927039735, -2.429310735108883 ], [ 29.677647844506968, -2.409985675338771 ], [ 29.676492697486477, -2.404688808851609 ], [ 29.683312833706569, -2.392066146486847 ], [ 29.692031580063464, -2.392779310327596 ], [ 29.696078180027687, -2.404701596567032 ], [ 29.699879630861453, -2.406004849809352 ], [ 29.720095327555736, -2.400290925602433 ], [ 29.733311686365052, -2.403248866856406 ], [ 29.738463217766025, -2.39376831370214 ], [ 29.761828611332202, -2.387539948443751 ], [ 29.772858853692689, -2.376427113549329 ], [ 29.778389312544093, -2.376429940589872 ], [ 29.791345329374025, -2.3686188007592 ] ] ] ] } },
{ "type": "Feature", "properties": { "district": "Nyamagabe", "mean_ndvi": 0.65, "provenance": "MODIS MOD13A3 v061 (NASA LP DAAC, CC0), annual-mean NDVI 2023" }, "geometry": { "type": "MultiPolygon", "coordinates": [ [ [ [ 29.557923729965129, -2.200135641545951 ], [ 29.565122612614232, -2.219729639464251 ], [ 29.575759602475049, -2.229971448538502 ], [ 29.575411282658798, -2.234367954345132 ], [ 29.580029325256874, -2.236090557531031 ], [ 29.578453326681498, -2.238350711167421 ], [ 29.58480619071527, -2.248405340878228 ], [ 29.594995207260119, -2.25169172589154 ], [ 29.593509144263102, -2.254990015718209 ], [ 29.600985362662417, -2.262328104345419 ], [ 29.604455847412822, -2.27848916666981 ], [ 29.617336351746928, -2.289090547435868 ], [ 29.611890917468301, -2.30412925754744 ], [ 29.590908567080859, -2.320387038728443 ], [ 29.589221494404498, -2.330688616927276 ], [ 29.582244894326742, -2.331245280167995 ], [ 29.583062292754125, -2.347571233825704 ], [ 29.592251552970659, -2.356021966885792 ], [ 29.595205275981801, -2.365054380687008 ], [ 29.601594485605215, -2.37167618525501 ], [ 29.623755668716466, -2.354420204534054 ], [ 29.622625716892479, -2.367069381200556 ], [ 29.62933241402515, -2.376690519138507 ], [ 29.631339057911454, -2.38807750240965 ], [ 29.636351674420023, -2.389318122803372 ], [ 29.635863294007716, -2.397869919813695 ], [ 29.64147576235186, -2.409561405380491 ], [ 29.663185186537362, -2.416780988043389 ], [ 29.666093490303034, -2.418463697175713 ], [ 29.664662526048929, -2.422597597648425 ], [ 29.642187942898499, -2.437556325705964 ], [ 29.641981961483342, -2.444312296555401 ], [ 29.632054618056429, -2.462920847518852 ], [ 29.616585517964353, -2.469670533760663 ], [ 29.610447152760006, -2.477962331778192 ], [ 29.600873092912082, -2.473750514548564 ], [ 29.595090319363482, -2.478797315934785 ], [ 29.596926468659191, -2.495638794225584 ], [ 29.604132774754227, -2.507830838332099 ], [ 29.589737849677526, -2.516205169262091 ], [ 29.583390660265486, -2.524398024034455 ], [ 29.591357013645332, -2.536979760630189 ], [ 29.588049863048919, -2.55384275539302 ], [ 29.566567005115033, -2.545434954180579 ], [ 29.558244348496288, -2.547921324708106 ], [ 29.54024747141542, -2.537019241539321 ], [ 29.540444860335818, -2.532482140700502 ], [ 29.534142928551443, -2.533596823549442 ], [ 29.531157837718535, -2.54212095860468 ], [ 29.520373509419539, -2.5460069501302 ], [ 29.519002437878992, -2.551974473616057 ], [ 29.499004214941703, -2.556342461447539 ], [ 29.492633250500901, -2.563262361570632 ], [ 29.491853698409283, -2.568713820472691 ], [ 29.484555328710098, -2.568864093550458 ], [ 29.479670112335459, -2.573048432094073 ], [ 29.485984831812491, -2.583591266782553 ], [ 29.474031343749829, -2.590209735587017 ], [ 29.471214022884627, -2.586662398173072 ], [ 29.461377463280936, -2.587886990660833 ], [ 29.459013440092686, -2.59893827204711 ], [ 29.454679610522501, -2.600329356505636 ], [ 29.445686722935317, -2.594675739815523 ], [ 29.443368328644684, -2.581589603354203 ], [ 29.436093763769129, -2.58106851383203 ], [ 29.433651668149533, -2.576519196534718 ], [ 29.428347466796893, -2.577294362573239 ], [ 29.428350402265004, -2.570697767496739 ], [ 29.424524042659122, -2.569845144138582 ], [ 29.422896075712927, -2.56019883083098 ], [ 29.413140419317777, -2.55605601734941 ], [ 29.408037835851335, -2.558510117604603 ], [ 29.390834836907917, -2.553188851903855 ], [ 29.380095111510048, -2.55809705162288 ], [ 29.374251436488116, -2.553917791625785 ], [ 29.363147241831008, -2.554768222768156 ], [ 29.361132047338298, -2.569933885754039 ], [ 29.347256336097143, -2.577110253580019 ], [ 29.343988251628623, -2.572858099774582 ], [ 29.346924819080549, -2.559406739255301 ], [ 29.335969904280876, -2.557246620821036 ], [ 29.339225839315191, -2.540140813256498 ], [ 29.326056311362855, -2.536544706474687 ], [ 29.319084850823234, -2.537786590362044 ], [ 29.324046071271347, -2.525797313562667 ], [ 29.322543249680869, -2.507551072806086 ], [ 29.307161746994957, -2.492897688580183 ], [ 29.292144303686609, -2.493352762237689 ], [ 29.288729340035967, -2.489618323400759 ], [ 29.27998707984159, -2.489252990634899 ], [ 29.264653420320176, -2.482024001707123 ], [ 29.269386191048302, -2.475470935528523 ], [ 29.266231011149035, -2.470738165694494 ], [ 29.272420017454998, -2.46382103988747 ], [ 29.280307969034691, -2.441856132734854 ], [ 29.299117695287499, -2.44039989519742 ], [ 29.303129891413548, -2.434087334124507 ], [ 29.309925663594036, -2.435705375545552 ], [ 29.317530457340755, -2.431336664695149 ], [ 29.323517208657371, -2.432469293309175 ], [ 29.328669896462046, -2.421651316690175 ], [ 29.327196452605342, -2.406885365286845 ], [ 29.322855207057341, -2.406043034461406 ], [ 29.318287593463587, -2.398644599448786 ], [ 29.32270938058733, -2.388266760577905 ], [ 29.327471736797406, -2.388716850571624 ], [ 29.330649136339161, -2.379884417894044 ], [ 29.335954347742767, -2.378393453495718 ], [ 29.34396909866248, -2.359989337593992 ], [ 29.337536563372161, -2.34824878724634 ], [ 29.327284598312456, -2.33964788761197 ], [ 29.328025952273627, -2.333647669362796 ], [ 29.320615355603028, -2.31997838226017 ], [ 29.328064348514658, -2.315754726430861 ], [ 29.331788845421684, -2.306654667218386 ], [ 29.344147936594787, -2.292570226198745 ], [ 29.367947584410064, -2.290943475934498 ], [ 29.371096129004314, -2.293247288744486 ], [ 29.379927410075279, -2.290213935557509 ], [ 29.382819379708014, -2.298641980191085 ], [ 29.386347875981581, -2.298049651256792 ], [ 29.402819758855092, -2.276881966925066 ], [ 29.408644115485931, -2.27867785251954 ], [ 29.418042297057106, -2.273231873049409 ], [ 29.421100077342345, -2.267138489423043 ], [ 29.44156893358425, -2.275988091050127 ], [ 29.45872917565428, -2.26750004743787 ], [ 29.461153052395012, -2.271828972294568 ], [ 29.469551840704867, -2.273740883244056 ], [ 29.474775466585569, -2.267766042065985 ], [ 29.47495236737414, -2.260833140166929 ], [ 29.489964391053519, -2.249931050494064 ], [ 29.494031254354951, -2.24095546509544 ], [ 29.499372273838272, -2.243072205160829 ], [ 29.50934903569193, -2.234614202175228 ], [ 29.514619249427071, -2.236582805518076 ], [ 29.516555565954782, -2.230508912145039 ], [ 29.519474495321219, -2.233769133672425 ], [ 29.519628306737403, -2.226643007607199 ], [ 29.523173412953916, -2.227624134611817 ], [ 29.524242736328414, -2.224542255128035 ], [ 29.530496869371262, -2.222908804655219 ], [ 29.541564973401574, -2.210833661773126 ], [ 29.548226755416533, -2.21172769141311 ], [ 29.5446671514039, -2.207886195470186 ], [ 29.549443191726613, -2.207493473459072 ], [ 29.54764051182579, -2.204621097807104 ], [ 29.551346522086842, -2.19982648304514 ], [ 29.557923729965129, -2.200135641545951 ] ] ] ] } },
{ "type": "Feature", "properties": { "district": "Ruhango", "mean_ndvi": 0.57, "provenance": "MODIS MOD13A3 v061 (NASA LP DAAC, CC0), annual-mean NDVI 2023" }, "geometry": { "type": "MultiPolygon", "coordinates": [ [ [ [ 29.885964895886971, -2.100864217905035 ], [ 29.888152382033446, -2.113590557718636 ], [ 29.894993215893884, -2.125852922330133 ], [ 29.906306088325188, -2.135639119619619 ], [ 29.927085608427976, -2.141421038618249 ], [ 29.928772972939726, -2.151863697362141 ], [ 29.958951752107883, -2.198873012294428 ], [ 29.963834297649566, -2.202060034690779 ], [ 29.987587464761091, -2.201281422339795 ], [ 29.990305458844574, -2.211270873655391 ], [ 29.986675949938252, -2.227403758425297 ], [ 29.983545142699455, -2.232735121826495 ], [ 29.977819154492348, -2.234568913656577 ], [ 29.945895423106357, -2.231661078450799 ], [ 29.930269755328435, -2.234643117123105 ], [ 29.922315229665891, -2.239941032876383 ], [ 29.910469234375604, -2.232546348146401 ], [ 29.902868524266868, -2.234109097257469 ], [ 29.898870008860442, -2.246681621102007 ], [ 29.904616213911055, -2.246289506931511 ], [ 29.907216244978446, -2.249381849807464 ], [ 29.906414458529731, -2.259185988387076 ], [ 29.915944069027319, -2.278089032797077 ], [ 29.908463190093709, -2.284125676431712 ], [ 29.886119168815771, -2.277279915050337 ], [ 29.870894781281429, -2.279210501920469 ], [ 29.865190296538152, -2.283909237042403 ], [ 29.853659556543889, -2.286456701678898 ], [ 29.850698483668872, -2.282905521636283 ], [ 29.844131446613609, -2.28342674729424 ], [ 29.827147066279935, -2.262686456420206 ], [ 29.818766148030974, -2.259363303053006 ], [ 29.812979409901256, -2.263175129656286 ], [ 29.806450010549614, -2.261332789206134 ], [ 29.800372156382149, -2.264235708514969 ], [ 29.798795315451017, -2.273865587515916 ], [ 29.793725243029868, -2.281074007558764 ], [ 29.780568731255524, -2.280196347600311 ], [ 29.77080120357542, -2.268953611603781 ], [ 29.753057162253029, -2.258110558934084 ], [ 29.749214989666239, -2.24554150793364 ], [ 29.741492191543628, -2.240430239237888 ], [ 29.737266283503384, -2.247965596932698 ], [ 29.723359231133308, -2.247176040381233 ], [ 29.713511935281765, -2.241718105174881 ], [ 29.709550533823659, -2.247549183469378 ], [ 29.693463115971102, -2.245217447831231 ], [ 29.695743457050792, -2.266751871830123 ], [ 29.689178341346192, -2.271944591163279 ], [ 29.686315460793331, -2.269833535547677 ], [ 29.679890242409833, -2.272794704433618 ], [ 29.659176379073092, -2.250846491758049 ], [ 29.647021042646305, -2.261954767339347 ], [ 29.643239866686638, -2.253291354136958 ], [ 29.639144539451106, -2.251775348896405 ], [ 29.635717384346027, -2.252335548819492 ], [ 29.633756549103019, -2.260719495431514 ], [ 29.629838536144185, -2.263275311859945 ], [ 29.60999744778125, -2.253251826611144 ], [ 29.601081279959946, -2.252857826653354 ], [ 29.595499396887842, -2.257212207504501 ], [ 29.594995207260119, -2.25169172589154 ], [ 29.58480619071527, -2.248405340878228 ], [ 29.578453326681498, -2.238350711167421 ], [ 29.580029325256874, -2.236090557531031 ], [ 29.575411282658798, -2.234367954345132 ], [ 29.575759602475049, -2.229971448538502 ], [ 29.565122612614232, -2.219729639464251 ], [ 29.56197676339395, -2.212473318860065 ], [ 29.562117470403322, -2.205764522922094 ], [ 29.572839206090258, -2.203567820304868 ], [ 29.576979467839735, -2.197226557132721 ], [ 29.585164813820388, -2.201914095485285 ], [ 29.587008895965198, -2.193633571585099 ], [ 29.590102195365141, -2.194668636884627 ], [ 29.589733378273252, -2.192027434517797 ], [ 29.595896183072853, -2.188636702852754 ], [ 29.603236819418836, -2.191051855851159 ], [ 29.60628253049828, -2.187851480666292 ], [ 29.609756543709914, -2.176346786254313 ], [ 29.60436706372705, -2.168482668452568 ], [ 29.606472886394965, -2.158607905396826 ], [ 29.603784095968866, -2.154991124353912 ], [ 29.599869882440824, -2.155740654065681 ], [ 29.599108456138829, -2.151124500523846 ], [ 29.594551787500716, -2.150660505721728 ], [ 29.599512963298725, -2.144640468082527 ], [ 29.597668881347566, -2.138977351460262 ], [ 29.608197996717077, -2.128674285250548 ], [ 29.60609217394369, -2.126390003248839 ], [ 29.612605730283661, -2.116558712907479 ], [ 29.614980691047798, -2.121430280244842 ], [ 29.619615374056689, -2.122585663456698 ], [ 29.632335773642055, -2.11741589609488 ], [ 29.648834659134383, -2.118638027323655 ], [ 29.651979357630655, -2.112430692704935 ], [ 29.658866339036397, -2.11930413135884 ], [ 29.666128779000754, -2.119811470511034 ], [ 29.665392480922307, -2.10593789849028 ], [ 29.670073992470893, -2.107340942738534 ], [ 29.672435900431985, -2.104330391870762 ], [ 29.682081597735433, -2.106560862140396 ], [ 29.683470093721059, -2.112398884685368 ], [ 29.681278810777879, -2.113233572757925 ], [ 29.687959020523408, -2.121451335917269 ], [ 29.696076151572353, -2.119399968217148 ], [ 29.699289258245358, -2.114636767886767 ], [ 29.725210455606053, -2.111821036454048 ], [ 29.733498680716984, -2.118334637610921 ], [ 29.737766658908882, -2.118118437760431 ], [ 29.750321225059881, -2.129568503764744 ], [ 29.766439903788569, -2.135212457406045 ], [ 29.773528317335149, -2.143749963219428 ], [ 29.789350008541778, -2.146021622711304 ], [ 29.796178407949807, -2.136433121696121 ], [ 29.791807608847691, -2.127696419271507 ], [ 29.800272248133574, -2.127866602113953 ], [ 29.8076329851141, -2.123008033154852 ], [ 29.803214967846429, -2.115324560822891 ], [ 29.804435730928546, -2.111929219033771 ], [ 29.841759650546759, -2.112524345829891 ], [ 29.855321522659491, -2.106731686693895 ], [ 29.868734763785959, -2.106505941473095 ], [ 29.885964895886971, -2.100864217905035 ] ] ] ] } },
{ "type": "Feature", "properties": { "district": "Muhanga", "mean_ndvi": 0.61, "provenance": "MODIS MOD13A3 v061 (NASA LP DAAC, CC0), annual-mean NDVI 2023" }, "geometry": { "type": "MultiPolygon", "coordinates": [ [ [ [ 29.668112727880406, -1.731177597243796 ], [ 29.694864349245414, -1.733688545811556 ], [ 29.701108028432742, -1.737747850673432 ], [ 29.703391300851806, -1.747270926206166 ], [ 29.71744690593221, -1.755525025487023 ], [ 29.728506820592386, -1.748160037183829 ], [ 29.747915381867458, -1.750657778482121 ], [ 29.744308395292737, -1.7645848289298 ], [ 29.750290106504966, -1.774461568434507 ], [ 29.756339196004038, -1.77501281128889 ], [ 29.76377363527704, -1.780880763492373 ], [ 29.769721633879151, -1.791369275093173 ], [ 29.76934444736877, -1.806803060088513 ], [ 29.771902218008133, -1.810370336253339 ], [ 29.77806643633852, -1.809442110629833 ], [ 29.79899103347957, -1.829680928249484 ], [ 29.800809135620185, -1.838734057261686 ], [ 29.797328207541192, -1.848003516381675 ], [ 29.804966091517315, -1.852212618923776 ], [ 29.817452660340862, -1.852910931093247 ], [ 29.812205507547809, -1.857282714145191 ], [ 29.811127219372985, -1.871737015784766 ], [ 29.804857825968256, -1.876988756325107 ], [ 29.793816741873627, -1.899985595316611 ], [ 29.784051720458589, -1.912533794654414 ], [ 29.785353518556025, -1.917110413618029 ], [ 29.789338853046885, -1.917818160183472 ], [ 29.792884358762269, -1.930844213387228 ], [ 29.79052775798716, -1.956878469174799 ], [ 29.796710468856752, -1.963115092436645 ], [ 29.801421596514771, -1.9769753504302 ], [ 29.79716113831612, -1.998647235792911 ], [ 29.803729050006059, -2.002145144442804 ], [ 29.80708366771303, -2.010827845715946 ], [ 29.812180350068505, -2.013657359376326 ], [ 29.81019828679413, -2.018018387651976 ], [ 29.801092960344601, -2.019802940067593 ], [ 29.790243284087321, -2.031138717556272 ], [ 29.797022328318842, -2.039564320662016 ], [ 29.804568432992738, -2.03584556123903 ], [ 29.807516018841074, -2.038797235810852 ], [ 29.805135507915342, -2.046286113183204 ], [ 29.815172623343749, -2.05976871725395 ], [ 29.809937173264498, -2.062132357590811 ], [ 29.803385581317535, -2.057505892861641 ], [ 29.794858431716701, -2.064562027448493 ], [ 29.796730008405824, -2.069824955388626 ], [ 29.791860453874566, -2.075879047718984 ], [ 29.792058065438852, -2.082135335168531 ], [ 29.80278131396118, -2.086851722828035 ], [ 29.805491675885655, -2.094646622773338 ], [ 29.800486675864548, -2.093159955077623 ], [ 29.792030302346571, -2.100404899414726 ], [ 29.79974427641028, -2.10575450317228 ], [ 29.8076329851141, -2.123008033154852 ], [ 29.800272248133574, -2.127866602113953 ], [ 29.791807608847691, -2.127696419271507 ], [ 29.796178407949807, -2.136433121696121 ], [ 29.789350008541778, -2.146021622711304 ], [ 29.773528317335149, -2.143749963219428 ], [ 29.766439903788569, -2.135212457406045 ], [ 29.750321225059881, -2.129568503764744 ], [ 29.737766658908882, -2.118118437760431 ], [ 29.733498680716984, -2.118334637610921 ], [ 29.725210455606053, -2.111821036454048 ], [ 29.699289258245358, -2.114636767886767 ], [ 29.696076151572353, -2.119399968217148 ], [ 29.687959020523408, -2.121451335917269 ], [ 29.681278810777879, -2.113233572757925 ], [ 29.683470093721059, -2.112398884685368 ], [ 29.682081597735433, -2.106560862140396 ], [ 29.672435900431985, -2.104330391870762 ], [ 29.670073992470893, -2.107340942738534 ], [ 29.665392480922307, -2.10593789849028 ], [ 29.666128779000754, -2.119811470511034 ], [ 29.658866339036397, -2.11930413135884 ], [ 29.651979357630655, -2.112430692704935 ], [ 29.650158577478162, -2.11753253643404 ], [ 29.644768436775045, -2.119259173797497 ], [ 29.632335773642055, -2.11741589609488 ], [ 29.619277085629665, -2.12258566384536 ], [ 29.612710304143729, -2.11801734713657 ], [ 29.619329738362087, -2.113638502369021 ], [ 29.612421539793559, -2.105165210287118 ], [ 29.613623167341441, -2.103368717598955 ], [ 29.616775953524645, -2.107092574667237 ], [ 29.615610017795181, -2.098014930096705 ], [ 29.617861514709411, -2.099348628191265 ], [ 29.622482681441454, -2.095031648720465 ], [ 29.619369566139522, -2.089770098908962 ], [ 29.623105319325855, -2.089793892378987 ], [ 29.627923727984872, -2.083512115217629 ], [ 29.629770343308991, -2.08497177741926 ], [ 29.629164310641833, -2.079755426144311 ], [ 29.633556327457992, -2.079109914777698 ], [ 29.631897427751554, -2.072209675565722 ], [ 29.637176259393851, -2.066997062175433 ], [ 29.633027671349993, -2.062049377774038 ], [ 29.639252025573665, -2.049454312324945 ], [ 29.634324289309934, -2.038822468120348 ], [ 29.630862363002361, -2.037945437714707 ], [ 29.632361422860871, -2.027106992713434 ], [ 29.628423831434887, -2.021878237568942 ], [ 29.633679633404604, -2.016780295587362 ], [ 29.628649463681029, -2.007690590684058 ], [ 29.636805066294727, -1.995143395574997 ], [ 29.622033783764639, -1.979871787616636 ], [ 29.62239441088629, -1.975796702330269 ], [ 29.625705562681709, -1.973450785472117 ], [ 29.643609339783431, -1.979085617849015 ], [ 29.654632930674179, -1.976303665070461 ], [ 29.665839664944421, -1.971860737226661 ], [ 29.673649162999947, -1.959425870818551 ], [ 29.670907203986278, -1.948833135785598 ], [ 29.661776022931143, -1.944193186289025 ], [ 29.660941258097726, -1.938273871716547 ], [ 29.664147581525835, -1.93434300241537 ], [ 29.661419103861039, -1.919803711880839 ], [ 29.673095563556185, -1.910543521490231 ], [ 29.669993038040538, -1.90783010532501 ], [ 29.670104135320145, -1.901660321067801 ], [ 29.67331595499811, -1.901292536481798 ], [ 29.675173926874628, -1.896267719689817 ], [ 29.668944148627489, -1.884052309522066 ], [ 29.671176459517437, -1.875940184501024 ], [ 29.668076053737266, -1.866095704363759 ], [ 29.663322672012612, -1.86129871353859 ], [ 29.666876167421492, -1.83597634334216 ], [ 29.664803886574639, -1.830805921539457 ], [ 29.672314816054389, -1.822636972383957 ], [ 29.668682407375734, -1.817647501458239 ], [ 29.672641959335305, -1.804727357226614 ], [ 29.66887276440535, -1.799658776288937 ], [ 29.673322357002192, -1.78098000758139 ], [ 29.661899955581767, -1.753430315251245 ], [ 29.664839779336667, -1.742220676725652 ], [ 29.658870748344437, -1.734995091576522 ], [ 29.668112727880406, -1.731177597243796 ] ] ] ] } },
{ "type": "Feature", "properties": { "district": "Kamonyi", "mean_ndvi": 0.58, "provenance": "MODIS MOD13A3 v061 (NASA LP DAAC, CC0), annual-mean NDVI 2023" }, "geometry": { "type": "MultiPolygon", "coordinates": [ [ [ [ 29.817452660340862, -1.852910931093247 ], [ 29.823411534869514, -1.856643844930807 ], [ 29.841038525021574, -1.857181154620194 ], [ 29.852562797462738, -1.87329709753162 ], [ 29.879857825435614, -1.854031742223877 ], [ 29.894518752642021, -1.862796760372324 ], [ 29.901981311852847, -1.86251984907101 ], [ 29.910140172411957, -1.857343850398739 ], [ 29.917997848236709, -1.86441702644157 ], [ 29.918472348412486, -1.869642322103765 ], [ 29.926942910814404, -1.867817557873228 ], [ 29.93381348996461, -1.877677106711634 ], [ 29.942364091373936, -1.877992549639375 ], [ 29.942360352475177, -1.884359895134687 ], [ 29.948662042355206, -1.890948010092812 ], [ 29.959521554828129, -1.895262031532368 ], [ 29.956589478585524, -1.90017907688531 ], [ 29.963599725700256, -1.903831420472905 ], [ 29.962882102967161, -1.907621379401626 ], [ 29.975667740500306, -1.909475029215969 ], [ 29.977196669402737, -1.905778723203867 ], [ 29.988453453955366, -1.924917307760598 ], [ 29.985409337967802, -1.928549618212559 ], [ 29.989897415925938, -1.929721684709482 ], [ 29.987832104645733, -1.93327600151018 ], [ 29.994031735255852, -1.940594963519545 ], [ 29.994953773842951, -1.938365363717361 ], [ 29.996559577415336, -1.942064162879234 ], [ 29.998678085564389, -1.94061980977443 ], [ 29.995569185553098, -1.945842834673786 ], [ 29.998404770359659, -1.947659733080376 ], [ 29.998708256998171, -1.956905546743933 ], [ 30.003430876376516, -1.95553772417829 ], [ 30.00366979028778, -1.969686260548323 ], [ 29.998074189537316, -1.971217418180873 ], [ 30.002322281728055, -1.983025000828873 ], [ 29.995695832864271, -1.983663678052122 ], [ 29.99802780752325, -1.987733702178007 ], [ 29.992991234686844, -1.993226765094914 ], [ 29.997115572038989, -1.992620518196517 ], [ 29.995108429929434, -1.997502397632686 ], [ 30.000881167930821, -1.998438293148979 ], [ 29.999357464983902, -2.000965202191395 ], [ 30.003556338584332, -2.002016230403151 ], [ 30.004469264752391, -2.007656805038537 ], [ 30.008619896510048, -2.007162979197838 ], [ 30.010347795369626, -2.012981948077301 ], [ 30.015506853734493, -2.012823873526334 ], [ 30.013391404639531, -2.018917512119544 ], [ 30.005827169586542, -2.019802895631535 ], [ 30.005201413601885, -2.024075014666227 ], [ 30.008911867449005, -2.028138845893191 ], [ 30.002139259440455, -2.031493185648853 ], [ 30.002675188280467, -2.028309855249601 ], [ 29.99743174357511, -2.030008516498469 ], [ 29.986247218719665, -2.043939939257218 ], [ 29.983362597025675, -2.043679293209995 ], [ 29.987431156542875, -2.050983578086599 ], [ 29.983651652009851, -2.057843955296284 ], [ 29.987592093790163, -2.057435972732955 ], [ 29.994026752496733, -2.068348215834011 ], [ 29.99706144766499, -2.066695201692209 ], [ 30.000026532726693, -2.069969798541494 ], [ 30.002349628540063, -2.066778843326167 ], [ 30.005446952628969, -2.073067010889726 ], [ 30.008234883970239, -2.070143927606959 ], [ 30.013353073290894, -2.072977274096688 ], [ 30.015011820666178, -2.070238414170114 ], [ 30.01623200445454, -2.075714364424978 ], [ 30.019346435952244, -2.074182613094898 ], [ 30.014862888403322, -2.093886421623639 ], [ 30.017576141644653, -2.098219322090318 ], [ 30.015634852864565, -2.103941609641261 ], [ 30.020810139496124, -2.111764019162677 ], [ 30.017934781249515, -2.118562180227331 ], [ 30.011280016937867, -2.121799903900483 ], [ 30.009705985353978, -2.13150310856953 ], [ 30.004383478532507, -2.138062198573798 ], [ 29.99376642884306, -2.14555980464164 ], [ 29.988691672035202, -2.14409545368433 ], [ 29.985922080490532, -2.146861781739578 ], [ 29.981662021261467, -2.171026529342122 ], [ 29.986440115793457, -2.190031414780608 ], [ 29.983381447288597, -2.202538439670074 ], [ 29.963834297649566, -2.202060034690779 ], [ 29.958951752107883, -2.198873012294428 ], [ 29.928772972939726, -2.151863697362141 ], [ 29.927085608427976, -2.141421038618249 ], [ 29.906306088325188, -2.135639119619619 ], [ 29.893448937970028, -2.124295247098462 ], [ 29.888152382033446, -2.113590557718636 ], [ 29.887202654437232, -2.101395799601927 ], [ 29.855321522659491, -2.106731686693895 ], [ 29.841759650546759, -2.112524345829891 ], [ 29.807769708315167, -2.111336818702185 ], [ 29.80377444624218, -2.113940627440316 ], [ 29.799438837857515, -2.105337318702275 ], [ 29.792030302346571, -2.100404899414726 ], [ 29.800486675864548, -2.093159955077623 ], [ 29.805491675885655, -2.094646622773338 ], [ 29.80278131396118, -2.086851722828035 ], [ 29.792058065438852, -2.082135335168531 ], [ 29.791860453874566, -2.075879047718984 ], [ 29.796730008405824, -2.069824955388626 ], [ 29.794858431716701, -2.064562027448493 ], [ 29.803385581317535, -2.057505892861641 ], [ 29.809937173264498, -2.062132357590811 ], [ 29.815172623343749, -2.05976871725395 ], [ 29.805135507915342, -2.046286113183204 ], [ 29.807516018841074, -2.038797235810852 ], [ 29.804568432992738, -2.03584556123903 ], [ 29.797022328318842, -2.039564320662016 ], [ 29.790243284087321, -2.031138717556272 ], [ 29.801092960344601, -2.019802940067593 ], [ 29.81019828679413, -2.018018387651976 ], [ 29.812180350068505, -2.013657359376326 ], [ 29.80708366771303, -2.010827845715946 ], [ 29.803729050006059, -2.002145144442804 ], [ 29.79716113831612, -1.998647235792911 ], [ 29.801421596514771, -1.9769753504302 ], [ 29.796710468856752, -1.963115092436645 ], [ 29.79052775798716, -1.956878469174799 ], [ 29.792884358762269, -1.930844213387228 ], [ 29.789338853046885, -1.917818160183472 ], [ 29.785353518556025, -1.917110413618029 ], [ 29.784051720458589, -1.912533794654414 ], [ 29.793816741873627, -1.899985595316611 ], [ 29.804857825968256, -1.876988756325107 ], [ 29.811127219372985, -1.871737015784766 ], [ 29.812205507547809, -1.857282714145191 ], [ 29.817452660340862, -1.852910931093247 ] ] ] ] } },
{ "type": "Feature", "properties": { "district": "Karongi", "mean_ndvi": 0.64, "provenance": "MODIS MOD13A3 v061 (NASA LP DAAC, CC0), annual-mean NDVI 2023" }, "geometry": { "type": "MultiPolygon", "coordinates": [ [ [ [ 29.374477449055448, -2.024323276342484 ], [ 29.382052476266107, -2.02532264925285 ], [ 29.380393600354541, -2.029418948916144 ], [ 29.387823376080746, -2.030471469867776 ], [ 29.389518742128768, -2.034147737650209 ], [ 29.393522185046915, -2.032940160545631 ], [ 29.394670023936214, -2.036620183202531 ], [ 29.398963991316407, -2.030435786064969 ], [ 29.407274433699602, -2.033954028673348 ], [ 29.411328406849741, -2.031987066205454 ], [ 29.411485393347522, -2.038128050560753 ], [ 29.4175155627441, -2.037934124319088 ], [ 29.420073535357997, -2.042939256675827 ], [ 29.425374174321849, -2.042061973361711 ], [ 29.430665577650181, -2.047224092509404 ], [ 29.431963548419922, -2.042964438684008 ], [ 29.436513299450372, -2.042459948939245 ], [ 29.444582061580885, -2.046882414741753 ], [ 29.447601763549571, -2.045644982720765 ], [ 29.461472074964433, -2.029475266721764 ], [ 29.466468649573464, -2.032727348884582 ], [ 29.461983047857096, -2.043670027385228 ], [ 29.466837332965117, -2.043315163664743 ], [ 29.467106882971812, -2.046432077926962 ], [ 29.477295063464712, -2.051214974535025 ], [ 29.484720514011119, -2.063364608039746 ], [ 29.501020150516187, -2.064081729819982 ], [ 29.502959410379706, -2.05911460436758 ], [ 29.516960008868537, -2.056793288151425 ], [ 29.52677167565901, -2.058534955209097 ], [ 29.531033851978453, -2.06390408577477 ], [ 29.53979292705376, -2.064223214871033 ], [ 29.541899290535632, -2.070190995543641 ], [ 29.543731476029869, -2.067228566072932 ], [ 29.554288351300663, -2.065640341416624 ], [ 29.559961627469164, -2.069433496477748 ], [ 29.562284181322543, -2.065719390273031 ], [ 29.558421930333189, -2.063817683474501 ], [ 29.561759406910276, -2.063437825105268 ], [ 29.578081262925945, -2.067635281039404 ], [ 29.587943783653802, -2.061941667220077 ], [ 29.592291834007444, -2.074317437719294 ], [ 29.61015395890097, -2.072494496933481 ], [ 29.618036418713132, -2.082671369848879 ], [ 29.624277597796606, -2.084252789360664 ], [ 29.623105319325855, -2.089793892378987 ], [ 29.619298181523341, -2.090043736037206 ], [ 29.622279908753942, -2.095373162248239 ], [ 29.617861514709411, -2.099348628191265 ], [ 29.615610017795181, -2.098014930096705 ], [ 29.616775953524645, -2.107092574667237 ], [ 29.613623167341441, -2.103368717598955 ], [ 29.612421539793559, -2.105165210287118 ], [ 29.619329738362087, -2.113638502369021 ], [ 29.610482278426481, -2.118323630345595 ], [ 29.60609217394369, -2.126390003248839 ], [ 29.608197996717077, -2.128674285250548 ], [ 29.598751535533534, -2.137145166543994 ], [ 29.599512963298725, -2.144640468082527 ], [ 29.594551787500716, -2.150660505721728 ], [ 29.599108456138829, -2.151124500523846 ], [ 29.599869882440824, -2.155740654065681 ], [ 29.603784095968866, -2.154991124353912 ], [ 29.606330119479249, -2.15820339643894 ], [ 29.60436706372705, -2.168482668452568 ], [ 29.609209267403166, -2.172254113695046 ], [ 29.60911408831273, -2.180736892888362 ], [ 29.603236819418836, -2.191051855851159 ], [ 29.595896183072853, -2.188636702852754 ], [ 29.589733378273252, -2.192027434517797 ], [ 29.590102195365141, -2.194668636884627 ], [ 29.587008895965198, -2.193633571585099 ], [ 29.585164813820388, -2.201914095485285 ], [ 29.576979467839735, -2.197226557132721 ], [ 29.572839206090258, -2.203567820304868 ], [ 29.561054722866299, -2.205923852630116 ], [ 29.558055395097682, -2.200207844408854 ], [ 29.551346522086842, -2.19982648304514 ], [ 29.54764051182579, -2.204621097807104 ], [ 29.549443191726613, -2.207493473459072 ], [ 29.5446671514039, -2.207886195470186 ], [ 29.548226755416533, -2.21172769141311 ], [ 29.541564973401574, -2.210833661773126 ], [ 29.530496869371262, -2.222908804655219 ], [ 29.524242736328414, -2.224542255128035 ], [ 29.523173412953916, -2.227624134611817 ], [ 29.519628306737403, -2.226643007607199 ], [ 29.519474495321219, -2.233769133672425 ], [ 29.516555565954782, -2.230508912145039 ], [ 29.514619249427071, -2.236582805518076 ], [ 29.50934903569193, -2.234614202175228 ], [ 29.499372273838272, -2.243072205160829 ], [ 29.494031254354951, -2.24095546509544 ], [ 29.489964391053519, -2.249931050494064 ], [ 29.47495236737414, -2.260833140166929 ], [ 29.474775466585569, -2.267766042065985 ], [ 29.469551840704867, -2.273740883244056 ], [ 29.461153052395012, -2.271828972294568 ], [ 29.45872917565428, -2.26750004743787 ], [ 29.44156893358425, -2.275988091050127 ], [ 29.421411744320427, -2.26706057226816 ], [ 29.418042297057106, -2.273231873049409 ], [ 29.408644115485931, -2.27867785251954 ], [ 29.402819758855092, -2.276881966925066 ], [ 29.386347875981581, -2.298049651256792 ], [ 29.382819379708014, -2.298641980191085 ], [ 29.379927410075279, -2.290213935557509 ], [ 29.371096129004314, -2.293247288744486 ], [ 29.367947584410064, -2.290943475934498 ], [ 29.344147936594787, -2.292570226198745 ], [ 29.331788845421684, -2.306654667218386 ], [ 29.328064348514658, -2.315754726430861 ], [ 29.320615355603028, -2.31997838226017 ], [ 29.324582482839627, -2.324428692901333 ], [ 29.320008502729422, -2.320928169512419 ], [ 29.321716736632723, -2.318137147122335 ], [ 29.325145798343311, -2.316005454919165 ], [ 29.320823453724788, -2.306104920757272 ], [ 29.308850506597022, -2.299502575914405 ], [ 29.311021012382849, -2.292850964051681 ], [ 29.305007199295865, -2.288543854261088 ], [ 29.305596467582788, -2.284295267430986 ], [ 29.309128556928961, -2.284922693443837 ], [ 29.317918992721637, -2.275627109297845 ], [ 29.311781160527364, -2.263485009464813 ], [ 29.31183890147399, -2.248355891890336 ], [ 29.314662837999432, -2.244519073539534 ], [ 29.311033656057528, -2.242903024334221 ], [ 29.311364919686973, -2.237343240743671 ], [ 29.304080207115206, -2.232248589657157 ], [ 29.311062463872823, -2.216723297499824 ], [ 29.315275384941696, -2.216988280326432 ], [ 29.315589101936272, -2.214008394826137 ], [ 29.309724156343975, -2.21207652360286 ], [ 29.304918677082068, -2.214676160470046 ], [ 29.302344838458954, -2.209284724632878 ], [ 29.296447044847792, -2.208779382095731 ], [ 29.293646609406846, -2.201256048234154 ], [ 29.289098049302847, -2.202348681110326 ], [ 29.290223512983587, -2.198963637801366 ], [ 29.282163483675621, -2.18856555607459 ], [ 29.28457471883722, -2.182936169432621 ], [ 29.281903055067652, -2.175571722132227 ], [ 29.27529933281803, -2.168386916126134 ], [ 29.276237631581086, -2.165426038515943 ], [ 29.272743889977281, -2.164348672861643 ], [ 29.270789240369329, -2.15368275431126 ], [ 29.266079614718471, -2.154436910672086 ], [ 29.264032619349088, -2.151558805747087 ], [ 29.267233746069092, -2.151394761176338 ], [ 29.262112585303075, -2.143927549146857 ], [ 29.25763670859812, -2.143018521346365 ], [ 29.255602220157773, -2.146741204458636 ], [ 29.257151894445563, -2.136525471298104 ], [ 29.254649905304465, -2.134127370515558 ], [ 29.250070139969868, -2.135798249569238 ], [ 29.253446527098685, -2.123825063356967 ], [ 29.25684455645241, -2.123660252793339 ], [ 29.248993897160478, -2.113093733334471 ], [ 29.249975069050276, -2.110023241618834 ], [ 29.254650065918657, -2.113313054720554 ], [ 29.255342657473541, -2.104898060885025 ], [ 29.259139088806243, -2.110867659450649 ], [ 29.259946150568631, -2.098856476527089 ], [ 29.264136332568707, -2.098983452187554 ], [ 29.265105962094321, -2.091895926535424 ], [ 29.267818614963119, -2.094031418918888 ], [ 29.26989639083649, -2.086505251744634 ], [ 29.271947232988008, -2.10370654555265 ], [ 29.268899828015158, -2.106784732904862 ], [ 29.271667630745348, -2.106993792274199 ], [ 29.275332597774845, -2.130131739561187 ], [ 29.268487799627906, -2.139195076275203 ], [ 29.272346007597182, -2.13813716311337 ], [ 29.272389294996444, -2.141729985086724 ], [ 29.275878227901547, -2.141349059383374 ], [ 29.276068331950857, -2.147418643645548 ], [ 29.279479661820478, -2.145116015689237 ], [ 29.280250170592417, -2.139142408936566 ], [ 29.276865126814116, -2.137185836316611 ], [ 29.279903874575488, -2.134406810164849 ], [ 29.284397066045706, -2.132779218596089 ], [ 29.287521425533146, -2.136913608447003 ], [ 29.290166116881732, -2.135526031493169 ], [ 29.289791824709933, -2.130824246348521 ], [ 29.278623571513972, -2.127424348132211 ], [ 29.280233370584583, -2.087127491078429 ], [ 29.282077396513618, -2.093730924309197 ], [ 29.286351266912831, -2.083203885327713 ], [ 29.290897922375319, -2.0863902416748 ], [ 29.299763101587136, -2.083763522141695 ], [ 29.301384280613174, -2.080480122450478 ], [ 29.306278962376062, -2.08754730009495 ], [ 29.313539690392677, -2.087133468910294 ], [ 29.313401172062758, -2.095938046823988 ], [ 29.324332683380625, -2.100879185900338 ], [ 29.323475600441075, -2.111363297302705 ], [ 29.327182656953063, -2.114318552510255 ], [ 29.326687020270509, -2.105303312730116 ], [ 29.329745248022281, -2.102141196847479 ], [ 29.32642929851535, -2.097777406548936 ], [ 29.3372645179575, -2.10120035066983 ], [ 29.330586447896653, -2.092282386430143 ], [ 29.325420565843039, -2.092151050913742 ], [ 29.32642412570042, -2.087852389659313 ], [ 29.322126976882778, -2.08367836745243 ], [ 29.325673048815858, -2.084811140931286 ], [ 29.325583503355897, -2.080348034642379 ], [ 29.3184655303446, -2.076798277483108 ], [ 29.32128514984819, -2.072550379313504 ], [ 29.31724656736057, -2.071060536252678 ], [ 29.318403966568255, -2.066615634467611 ], [ 29.323969328481546, -2.067637592310761 ], [ 29.326210248894963, -2.074631233866552 ], [ 29.327662242053194, -2.069222516379122 ], [ 29.332029162571065, -2.070880633429383 ], [ 29.334885721090057, -2.065906283824342 ], [ 29.339345215463364, -2.067212118561671 ], [ 29.338963047507605, -2.06432277638328 ], [ 29.329571782657094, -2.059900959426633 ], [ 29.332577802276045, -2.058236682261079 ], [ 29.324643457825964, -2.055862829692777 ], [ 29.327572069332117, -2.054379171119495 ], [ 29.332693914866137, -2.056069251920505 ], [ 29.334882847485318, -2.060019221804379 ], [ 29.338353565937414, -2.058793181456954 ], [ 29.338797491044478, -2.062114970213634 ], [ 29.346763580151215, -2.062175184306672 ], [ 29.341671837459252, -2.059583442811896 ], [ 29.347910368932862, -2.057542158488125 ], [ 29.345393075262919, -2.055348820349236 ], [ 29.347200074893912, -2.052895946152096 ], [ 29.342468496082628, -2.053759532060067 ], [ 29.343408279581936, -2.050594563121416 ], [ 29.338036268316333, -2.048607953795914 ], [ 29.344023313008396, -2.047552056735688 ], [ 29.345286034417658, -2.050170027883319 ], [ 29.350429449406597, -2.047285361227651 ], [ 29.351414590445277, -2.052026011916465 ], [ 29.356476363386015, -2.053860223188766 ], [ 29.35405433245931, -2.058655301109221 ], [ 29.350708532722383, -2.05839078123557 ], [ 29.354378256700343, -2.06206050590369 ], [ 29.351121376374898, -2.062221056134944 ], [ 29.352024033979241, -2.06420327745585 ], [ 29.357774185349676, -2.067035418131381 ], [ 29.353529633942468, -2.067925613680418 ], [ 29.354071490934974, -2.071525096674925 ], [ 29.359010923325943, -2.074108583043245 ], [ 29.360492282505177, -2.068066730096914 ], [ 29.368187749903065, -2.071920620733169 ], [ 29.368059824289976, -2.074987139290021 ], [ 29.372876831782886, -2.072803134361739 ], [ 29.358796519690525, -2.063605359138372 ], [ 29.364583621868608, -2.062638103156344 ], [ 29.359591718837549, -2.059906974500465 ], [ 29.362907952151097, -2.054866956066719 ], [ 29.360633172136801, -2.051004344440635 ], [ 29.36247084963502, -2.046617928210198 ], [ 29.367402104501476, -2.048797284249867 ], [ 29.370982389423343, -2.045205906257715 ], [ 29.356129683576516, -2.041867676582444 ], [ 29.358432578408895, -2.037484434717048 ], [ 29.380674546708221, -2.040435803343926 ], [ 29.380455117392248, -2.03501103028445 ], [ 29.378268619918256, -2.036672215171827 ], [ 29.376135592676398, -2.033352262342405 ], [ 29.369805318660465, -2.03483161905647 ], [ 29.368136740962719, -2.032474968366644 ], [ 29.365264034580683, -2.034607995115075 ], [ 29.359639035313485, -2.030290336370345 ], [ 29.362081696011611, -2.028363731238424 ], [ 29.368411969595829, -2.030978409702858 ], [ 29.374477449055448, -2.024323276342484 ] ] ] ] } },
{ "type": "Feature", "properties": { "district": "Rutsiro", "mean_ndvi": 0.65, "provenance": "MODIS MOD13A3 v061 (NASA LP DAAC, CC0), annual-mean NDVI 2023" }, "geometry": { "type": "MultiPolygon", "coordinates": [ [ [ [ 29.307224469766652, -2.0259312867779 ], [ 29.306835632814234, -2.026698860320063 ], [ 29.306840683002243, -2.026072681892621 ], [ 29.307224469766652, -2.0259312867779 ] ] ], [ [ [ 29.305192466540355, -2.025841731520023 ], [ 29.305268213650791, -2.026114421737652 ], [ 29.304991735264746, -2.025962927043259 ], [ 29.305192466540355, -2.025841731520023 ] ] ], [ [ [ 29.301462257802534, -2.022682270042651 ], [ 29.303078202441363, -2.024050772501134 ], [ 29.301078470810751, -2.02382353036154 ], [ 29.301462257802534, -2.022682270042651 ] ] ], [ [ [ 29.304718630849468, -2.017796358704177 ], [ 29.308902130746077, -2.015821315215106 ], [ 29.311963447759613, -2.019475145191794 ], [ 29.304718630849468, -2.017796358704177 ] ] ], [ [ [ 29.299173631420842, -2.011175715177942 ], [ 29.302860005025259, -2.01182209372223 ], [ 29.302183328129185, -2.013781425324747 ], [ 29.299173631420842, -2.011175715177942 ] ] ], [ [ [ 29.332898184446318, -2.00989668419053 ], [ 29.333539433424097, -2.010337676263082 ], [ 29.333658735959062, -2.011081184068978 ], [ 29.332898184446318, -2.00989668419053 ] ] ], [ [ [ 29.338808261694318, -2.005323156446059 ], [ 29.339076318064208, -2.006847032207847 ], [ 29.338286840041459, -2.005613243181857 ], [ 29.338808261694318, -2.005323156446059 ] ] ], [ [ [ 29.326792333303228, -2.004086066361939 ], [ 29.327620504293904, -2.006323139350878 ], [ 29.325277385966466, -2.003116499338279 ], [ 29.326792333303228, -2.004086066361939 ] ] ], [ [ [ 29.339087894933431, -2.003198910556863 ], [ 29.338826264959856, -2.00336414919308 ], [ 29.339024552496085, -2.003094258878603 ], [ 29.339087894933431, -2.003198910556863 ] ] ], [ [ [ 29.323024058647967, -2.002679373123843 ], [ 29.324694288410829, -2.001776086489087 ], [ 29.325310682370858, -2.00292365917542 ], [ 29.323024058647967, -2.002679373123843 ] ] ], [ [ [ 29.343062231847643, -2.002091958590737 ], [ 29.342272871466726, -2.002496360662681 ], [ 29.342311755769781, -2.001454248913303 ], [ 29.343062231847643, -2.002091958590737 ] ] ], [ [ [ 29.325088378641293, -2.001672715599719 ], [ 29.328129636508468, -2.001820423581929 ], [ 29.32823568313772, -2.002104475366339 ], [ 29.325088378641293, -2.001672715599719 ] ] ], [ [ [ 29.324467046814629, -2.000722250038343 ], [ 29.324682768621084, -2.001403976721542 ], [ 29.324163110077617, -2.001145488764732 ], [ 29.324467046814629, -2.000722250038343 ] ] ], [ [ [ 29.342029355615512, -2.000956523895923 ], [ 29.342781776099869, -2.000956523403971 ], [ 29.342854684649108, -2.001341482491782 ], [ 29.342029355615512, -2.000956523895923 ] ] ], [ [ [ 29.339436228583601, -2.000924444286029 ], [ 29.340898295373044, -2.003401402297049 ], [ 29.340062273873052, -2.003623045076655 ], [ 29.339436228583601, -2.000924444286029 ] ] ], [ [ [ 29.326073972733173, -2.000071887066927 ], [ 29.325776782874431, -2.000206102684664 ], [ 29.325901410411788, -1.999964835058516 ], [ 29.326073972733173, -2.000071887066927 ] ] ], [ [ [ 29.305100078093886, -1.989303738364949 ], [ 29.307812276409823, -1.988675709607747 ], [ 29.305694760405885, -1.992071515683178 ], [ 29.305100078093886, -1.989303738364949 ] ] ], [ [ [ 29.329395250946231, -1.986780806536273 ], [ 29.327959838032086, -1.987015622628005 ], [ 29.328012860597529, -1.986523264641877 ], [ 29.329395250946231, -1.986780806536273 ] ] ], [ [ [ 29.302764386121662, -1.978184497406527 ], [ 29.302031024880474, -1.979448374519745 ], [ 29.30165342198859, -1.978674444687587 ], [ 29.302764386121662, -1.978184497406527 ] ] ], [ [ [ 29.325613551725887, -1.968492590335934 ], [ 29.32512028847496, -1.968782229093896 ], [ 29.325522271719052, -1.968078320774868 ], [ 29.325613551725887, -1.968492590335934 ] ] ], [ [ [ 29.320071838583779, -1.959095931252213 ], [ 29.321557284471623, -1.961201353375213 ], [ 29.320100964943958, -1.96058553815211 ], [ 29.320071838583779, -1.959095931252213 ] ] ], [ [ [ 29.319214261669359, -1.95554194492184 ], [ 29.320234725437018, -1.956431339229307 ], [ 29.318928719925694, -1.956220692467056 ], [ 29.319214261669359, -1.95554194492184 ] ] ], [ [ [ 29.320139632615977, -1.940434104280637 ], [ 29.319093422757188, -1.939989406212657 ], [ 29.319938347345119, -1.939291933199982 ], [ 29.320139632615977, -1.940434104280637 ] ] ], [ [ [ 29.152347070007391, -1.919844842411347 ], [ 29.156172053878912, -1.926667947345044 ], [ 29.15378069606334, -1.928202699582999 ], [ 29.149206182157723, -1.923128499175518 ], [ 29.151115698692198, -1.94168829429444 ], [ 29.147207434664431, -1.940391488771538 ], [ 29.143275374809534, -1.932836699495745 ], [ 29.148557778839955, -1.920505143767539 ], [ 29.152347070007391, -1.919844842411347 ] ] ], [ [ [ 29.282675317356635, -1.911900043388559 ], [ 29.281945824575097, -1.911556974479983 ], [ 29.282748832846327, -1.911115885764459 ], [ 29.282675317356635, -1.911900043388559 ] ] ], [ [ [ 29.266201318945626, -1.899882679188545 ], [ 29.270454605866089, -1.911559884257611 ], [ 29.26412523929665, -1.927163200226803 ], [ 29.26047871611447, -1.921553621762207 ], [ 29.265969322084608, -1.915658506421931 ], [ 29.26660582801669, -1.909864518080543 ], [ 29.26163275336021, -1.901048615056715 ], [ 29.266201318945626, -1.899882679188545 ] ] ], [ [ [ 29.286587837860665, -1.870209893932628 ], [ 29.286331478895423, -1.870615167370555 ], [ 29.286159944125128, -1.869819699729009 ], [ 29.286587837860665, -1.870209893932628 ] ] ], [ [ [ 29.285401878453975, -1.855937053212234 ], [ 29.284577668452073, -1.854848389448988 ], [ 29.285326951148562, -1.854905687117981 ], [ 29.285401878453975, -1.855937053212234 ] ] ], [ [ [ 29.282061273957179, -1.847315911152462 ], [ 29.285237854118151, -1.849225429920648 ], [ 29.282513372107118, -1.852443650077856 ], [ 29.282061273957179, -1.847315911152462 ] ] ], [ [ [ 29.288473154442638, -1.830761990120167 ], [ 29.286256988806787, -1.831919321934827 ], [ 29.287478342623643, -1.830102064241854 ], [ 29.288473154442638, -1.830761990120167 ] ] ], [ [ [ 29.288536977517374, -1.828307702070965 ], [ 29.28685595270229, -1.827036900446134 ], [ 29.287823545445743, -1.825364792185006 ], [ 29.288710877154362, -1.825725967156804 ], [ 29.288536977517374, -1.828307702070965 ] ] ], [ [ [ 29.268552784499594, -1.825530291845991 ], [ 29.271390291950688, -1.826279821145148 ], [ 29.270474200013762, -1.827862163195444 ], [ 29.268552784499594, -1.825530291845991 ] ] ], [ [ [ 29.278864205449601, -1.819791778942061 ], [ 29.28069044256209, -1.821903550490911 ], [ 29.277032020352561, -1.823890400297598 ], [ 29.278864205449601, -1.819791778942061 ] ] ], [ [ [ 29.267579026400544, -1.78605115515114 ], [ 29.26670703840961, -1.786415854268986 ], [ 29.267485794586726, -1.785863321207172 ], [ 29.267579026400544, -1.78605115515114 ] ] ], [ [ [ 29.421160372688814, -1.730566413161564 ], [ 29.420434436966829, -1.735203863836058 ], [ 29.434748187000473, -1.738506872512592 ], [ 29.437413258357303, -1.748188376500559 ], [ 29.445062152843366, -1.75277238978396 ], [ 29.44844886967714, -1.763876255456935 ], [ 29.445530345617374, -1.771106326072325 ], [ 29.44693888364451, -1.777085947606334 ], [ 29.439798013632942, -1.775849745486558 ], [ 29.430299985122247, -1.780923479776014 ], [ 29.418420682378105, -1.794588735287989 ], [ 29.4106544875983, -1.791612145197369 ], [ 29.398174573523082, -1.797978878937216 ], [ 29.403521221529108, -1.799319704092647 ], [ 29.40481207953373, -1.802884136535069 ], [ 29.41369817636544, -1.801526654327135 ], [ 29.41815371730705, -1.81210335720916 ], [ 29.422775820285683, -1.811553702413234 ], [ 29.429671498271844, -1.816467289267478 ], [ 29.433893851689181, -1.830225332295651 ], [ 29.439282141739181, -1.836662964354362 ], [ 29.463021162390227, -1.846515696094797 ], [ 29.462080340709566, -1.854892155899467 ], [ 29.457128162551182, -1.861031614644452 ], [ 29.458096228287463, -1.872699062619352 ], [ 29.461730855912023, -1.875411648713538 ], [ 29.461617830461904, -1.880426362216035 ], [ 29.467203615638439, -1.882746336336248 ], [ 29.466602801353257, -1.89113988508427 ], [ 29.479136613106256, -1.909604502131203 ], [ 29.479624401866133, -1.916504939691594 ], [ 29.483758715976368, -1.915011828639256 ], [ 29.508368290921908, -1.927325538578387 ], [ 29.506470670569779, -1.930686527776341 ], [ 29.514917757538502, -1.937354966162075 ], [ 29.514542992438788, -1.941370307396783 ], [ 29.533114685926432, -1.954356215231333 ], [ 29.527002307912969, -1.962074101821505 ], [ 29.526538312619465, -1.972936340824017 ], [ 29.524248171879972, -1.975923308613553 ], [ 29.51530130728117, -1.976011793647473 ], [ 29.515014879723189, -1.979234713753978 ], [ 29.535844314444571, -2.005910150907803 ], [ 29.547578567885829, -2.01094885428949 ], [ 29.552569486575333, -2.017462628188286 ], [ 29.564377563028891, -2.021448225570653 ], [ 29.563225505944327, -2.027021969619387 ], [ 29.549789538467785, -2.027112882688441 ], [ 29.545046169330291, -2.03174009534399 ], [ 29.549282993472659, -2.040056043075895 ], [ 29.54034586442938, -2.04793522263095 ], [ 29.537935008613747, -2.055733288483088 ], [ 29.539358341316042, -2.059179955831499 ], [ 29.548898341932198, -2.062613288035833 ], [ 29.554720008979189, -2.05916162258859 ], [ 29.562205008413684, -2.065518288278865 ], [ 29.560034445554319, -2.069405756486472 ], [ 29.554288351300663, -2.065640341416624 ], [ 29.541179503736618, -2.070179098415103 ], [ 29.53979292705376, -2.064223214871033 ], [ 29.531033851978453, -2.06390408577477 ], [ 29.52677167565901, -2.058534955209097 ], [ 29.516960008868537, -2.056793288151425 ], [ 29.502959410379706, -2.05911460436758 ], [ 29.501020150516187, -2.064081729819982 ], [ 29.484720514011119, -2.063364608039746 ], [ 29.477295063464712, -2.051214974535025 ], [ 29.467106882971812, -2.046432077926962 ], [ 29.466837332965117, -2.043315163664743 ], [ 29.461983047857096, -2.043670027385228 ], [ 29.466468649573464, -2.032727348884582 ], [ 29.460924176726135, -2.029324947738569 ], [ 29.447601763549571, -2.045644982720765 ], [ 29.444582061580885, -2.046882414741753 ], [ 29.436513299450372, -2.042459948939245 ], [ 29.431963548419922, -2.042964438684008 ], [ 29.430665577650181, -2.047224092509404 ], [ 29.425374174321849, -2.042061973361711 ], [ 29.420073535357997, -2.042939256675827 ], [ 29.4175155627441, -2.037934124319088 ], [ 29.411485393347522, -2.038128050560753 ], [ 29.411328406849741, -2.031987066205454 ], [ 29.407274433699602, -2.033954028673348 ], [ 29.398963991316407, -2.030435786064969 ], [ 29.394670023936214, -2.036620183202531 ], [ 29.393522185046915, -2.032940160545631 ], [ 29.389518742128768, -2.034147737650209 ], [ 29.387823376080746, -2.030471469867776 ], [ 29.380393600354541, -2.029418948916144 ], [ 29.38071501250224, -2.024683995194661 ], [ 29.374175686972062, -2.023817640734054 ], [ 29.368595039352495, -2.028301643651144 ], [ 29.364294118339597, -2.024788896095685 ], [ 29.368348578478024, -2.020928371245839 ], [ 29.3640400148733, -2.019116107703567 ], [ 29.361648656871328, -2.023934515740936 ], [ 29.359507141661197, -2.022090433600238 ], [ 29.353195622052784, -2.027664320837835 ], [ 29.354855295860684, -2.021804897699195 ], [ 29.350637700984766, -2.019508718531635 ], [ 29.354641143450024, -2.018140527157263 ], [ 29.354111713895072, -2.011947980560744 ], [ 29.357341831632382, -2.011680291195125 ], [ 29.354596385477986, -2.009110345187346 ], [ 29.358140882668323, -2.007460041821167 ], [ 29.352561023873662, -2.004207600488951 ], [ 29.352566971844492, -2.007372283345314 ], [ 29.349336853445681, -2.008169402081347 ], [ 29.350780888659955, -2.010989064127278 ], [ 29.346178119043532, -2.010951885304799 ], [ 29.347813998500484, -2.008252683739023 ], [ 29.346765548279219, -2.00498092569002 ], [ 29.344081218544968, -2.010059587180868 ], [ 29.343248407781669, -1.998110231400561 ], [ 29.349341494806858, -1.992977989508613 ], [ 29.353041556724801, -1.994316436763352 ], [ 29.354414516949678, -1.991002708742583 ], [ 29.34869191387385, -1.989331136530545 ], [ 29.347799615830436, -1.986065326731443 ], [ 29.345907943963464, -1.989771337580043 ], [ 29.343978985856687, -1.985969925616885 ], [ 29.342253916485632, -1.991632212342829 ], [ 29.339152699569325, -1.987552930890559 ], [ 29.339402477282071, -1.991540884113139 ], [ 29.334196827484703, -1.993489198522129 ], [ 29.333872108309318, -1.984995768108033 ], [ 29.329055635478483, -1.984879075349401 ], [ 29.327288885853015, -1.977104186784818 ], [ 29.331816670823752, -1.9760062466323 ], [ 29.327177177480227, -1.972840166889078 ], [ 29.328050201885453, -1.964586285332008 ], [ 29.323547977369532, -1.962720957108659 ], [ 29.32667801233649, -1.960664265293515 ], [ 29.322492371989295, -1.95888007748551 ], [ 29.329979832776299, -1.953031172364869 ], [ 29.327222492514615, -1.950054440199084 ], [ 29.323051432316422, -1.951141019293116 ], [ 29.325271324364536, -1.948360312215834 ], [ 29.320843224962033, -1.9458716971551 ], [ 29.326124230674754, -1.940170080734133 ], [ 29.322572794642472, -1.941500467372178 ], [ 29.320954762106748, -1.937401846498117 ], [ 29.324642925564838, -1.933023637189313 ], [ 29.323936246565001, -1.92665816992863 ], [ 29.317029988039661, -1.931420735279449 ], [ 29.313598343454043, -1.944059997882001 ], [ 29.307280874339771, -1.946552482442437 ], [ 29.307780561266508, -1.942227812774726 ], [ 29.302730155310197, -1.944773835736046 ], [ 29.301501814643348, -1.934944051702006 ], [ 29.29616726262455, -1.938282818894676 ], [ 29.289623744544144, -1.934796907194368 ], [ 29.29299068226948, -1.932964722336097 ], [ 29.291502049264821, -1.922338217040267 ], [ 29.288041168106819, -1.922560941183412 ], [ 29.287107229993246, -1.917926941398907 ], [ 29.282342358674807, -1.920455118756559 ], [ 29.286143548054131, -1.915077536492178 ], [ 29.284271125569212, -1.907156908397998 ], [ 29.276085780105259, -1.906484710254017 ], [ 29.274443951594129, -1.904717960237394 ], [ 29.280053530352504, -1.901130923061306 ], [ 29.275617652418394, -1.896878843127409 ], [ 29.27071001497411, -1.897461811513624 ], [ 29.273660545660654, -1.889550103325508 ], [ 29.281377617814826, -1.890866938200338 ], [ 29.281006977914895, -1.885358680864205 ], [ 29.286811526688165, -1.883855455788085 ], [ 29.284794965348194, -1.87727968056551 ], [ 29.289196969087911, -1.877951878054288 ], [ 29.287304415035457, -1.866188397269316 ], [ 29.283324765574026, -1.866396600141515 ], [ 29.287428295575733, -1.857866961894279 ], [ 29.28630533197552, -1.850597029559434 ], [ 29.296156299912674, -1.850133034241925 ], [ 29.297324123061919, -1.847392503057226 ], [ 29.291777099661989, -1.83904469844491 ], [ 29.289337602920266, -1.822516201764961 ], [ 29.284471204434979, -1.820914439846108 ], [ 29.287362249783644, -1.819802041845512 ], [ 29.285321861692257, -1.817404734632047 ], [ 29.289938741910504, -1.809881876603009 ], [ 29.287368923945628, -1.811154888837164 ], [ 29.287690914334078, -1.804652377257553 ], [ 29.285275739303394, -1.804368253641546 ], [ 29.282881977262228, -1.812648880874575 ], [ 29.280474402292281, -1.811283968885444 ], [ 29.280135330088655, -1.813969784221047 ], [ 29.275227691491168, -1.809842907687514 ], [ 29.278083044856395, -1.802360989164854 ], [ 29.274768158457992, -1.797083047187891 ], [ 29.278696671685697, -1.796413615396433 ], [ 29.279320366403361, -1.789364203121972 ], [ 29.275006770512242, -1.789261049942024 ], [ 29.274440769464181, -1.783534125510527 ], [ 29.268979906561587, -1.785009391768984 ], [ 29.267921046527821, -1.774444584155877 ], [ 29.276326493144101, -1.77460519832414 ], [ 29.278089301345137, -1.77930873475876 ], [ 29.282519129947328, -1.774047592571408 ], [ 29.289801553054815, -1.773115933568452 ], [ 29.290102930636877, -1.769532040280827 ], [ 29.299566712914881, -1.768915635194885 ], [ 29.300714734448587, -1.746989442931893 ], [ 29.310650128332064, -1.737784339057905 ], [ 29.330815004557174, -1.745863710095764 ], [ 29.341348239508019, -1.745803067595717 ], [ 29.344916850323717, -1.750408333182176 ], [ 29.350555337813059, -1.751334348161253 ], [ 29.355115597426845, -1.747428062564933 ], [ 29.366224284274953, -1.752355604391286 ], [ 29.371358047992743, -1.74853486853241 ], [ 29.372201284701724, -1.735953525453287 ], [ 29.382549147424015, -1.73425886775763 ], [ 29.399859726929112, -1.738206392096501 ], [ 29.40839841805748, -1.729504190623497 ], [ 29.421160372688814, -1.730566413161564 ] ] ] ] } },
{ "type": "Feature", "properties": { "district": "Rubavu", "mean_ndvi": 0.64, "provenance": "MODIS MOD13A3 v061 (NASA LP DAAC, CC0), annual-mean NDVI 2023" }, "geometry": { "type": "MultiPolygon", "coordinates": [ [ [ [ 29.398572155436977, -1.54908908281906 ], [ 29.38433296526377, -1.549894034289656 ], [ 29.384320275390802, -1.552762078070035 ], [ 29.380761183007952, -1.553053958247654 ], [ 29.380962116945362, -1.562166574277985 ], [ 29.395692649571036, -1.559342925868327 ], [ 29.406007772616515, -1.569639021903372 ], [ 29.401435970041433, -1.577355487889772 ], [ 29.403701085728486, -1.598653501134975 ], [ 29.415612005801915, -1.607325804862558 ], [ 29.413081367788934, -1.609570313626139 ], [ 29.417278713315387, -1.61746254947136 ], [ 29.411845074035362, -1.61895147938402 ], [ 29.418803218884943, -1.629341091458812 ], [ 29.400859631715679, -1.638479383288453 ], [ 29.401906403561522, -1.653802312606055 ], [ 29.398965389895842, -1.659398804505822 ], [ 29.401466417285988, -1.665015307611339 ], [ 29.398601814880301, -1.67993613384241 ], [ 29.407931076316043, -1.680798100575845 ], [ 29.414719586409699, -1.687396876916385 ], [ 29.430993405036624, -1.68774851592854 ], [ 29.437180817312044, -1.692618670516281 ], [ 29.432445208300791, -1.70368443788628 ], [ 29.434902632691003, -1.714788717321865 ], [ 29.426032798399412, -1.714994365129214 ], [ 29.422505399819688, -1.718198211752375 ], [ 29.419975689756207, -1.729526119799086 ], [ 29.406969555399421, -1.730118604871879 ], [ 29.400204188720885, -1.738136224753366 ], [ 29.382549147424015, -1.73425886775763 ], [ 29.371965237871219, -1.736070424916736 ], [ 29.371358047992743, -1.74853486853241 ], [ 29.366224284274953, -1.752355604391286 ], [ 29.355115597426845, -1.747428062564933 ], [ 29.350555337813059, -1.751334348161253 ], [ 29.344916850323717, -1.750408333182176 ], [ 29.341348239508019, -1.745803067595717 ], [ 29.330815004557174, -1.745863710095764 ], [ 29.310650128332064, -1.737784339057905 ], [ 29.300714734448587, -1.746989442931893 ], [ 29.299566712914881, -1.768915635194885 ], [ 29.288155739282793, -1.770999103738699 ], [ 29.282233450990038, -1.768962116566232 ], [ 29.278978347761292, -1.772624106732697 ], [ 29.272653740333578, -1.767777144718144 ], [ 29.275302080913232, -1.760124797385847 ], [ 29.269712726812525, -1.75998916832934 ], [ 29.280520238263449, -1.755256420586097 ], [ 29.280430250760134, -1.752802432718914 ], [ 29.275652769427072, -1.752953413447212 ], [ 29.281983201944207, -1.746310234479439 ], [ 29.280095935464409, -1.742492563482209 ], [ 29.269872342001612, -1.739667055700043 ], [ 29.271996864978494, -1.736949391255841 ], [ 29.278866515849717, -1.738534695472284 ], [ 29.279376697694175, -1.735858017092588 ], [ 29.255342208383663, -1.729241852081063 ], [ 29.260996362095891, -1.726014760769749 ], [ 29.261086252863493, -1.719740358215607 ], [ 29.269066747842807, -1.714548293893186 ], [ 29.25343376664468, -1.698044996644554 ], [ 29.244939053481797, -1.697964094621362 ], [ 29.24286674415313, -1.668074562748439 ], [ 29.256405877060672, -1.658318772946196 ], [ 29.268493539251178, -1.629003813833377 ], [ 29.293644442494877, -1.614679458193596 ], [ 29.299069613263395, -1.606279960770251 ], [ 29.310372053342512, -1.599974388760271 ], [ 29.326385825502694, -1.574823485914782 ], [ 29.336879248815507, -1.547554863253082 ], [ 29.353487886715119, -1.536966261356806 ], [ 29.36164943756437, -1.509197951497652 ], [ 29.397538310186434, -1.507891589298564 ], [ 29.398572155436977, -1.54908908281906 ] ] ] ] } },
{ "type": "Feature", "properties": { "district": "Nyabihu", "mean_ndvi": 0.66, "provenance": "MODIS MOD13A3 v061 (NASA LP DAAC, CC0), annual-mean NDVI 2023" }, "geometry": { "type": "MultiPolygon", "coordinates": [ [ [ [ 29.450090209027941, -1.50614915355335 ], [ 29.483894851447047, -1.549244437139656 ], [ 29.499165008296625, -1.563661623821432 ], [ 29.507950944485795, -1.562244658271343 ], [ 29.538277920317732, -1.574598747703392 ], [ 29.548479824083266, -1.567869282223821 ], [ 29.553217598612029, -1.576384310091351 ], [ 29.559237558514209, -1.569915534144539 ], [ 29.570125838908361, -1.583523001515591 ], [ 29.5847194274928, -1.589036008317536 ], [ 29.585627893565615, -1.592004909106794 ], [ 29.59597850337785, -1.593427127735693 ], [ 29.607795108507389, -1.587651887222373 ], [ 29.618196181012276, -1.588353080236129 ], [ 29.624477463940593, -1.584994268919797 ], [ 29.629208378134834, -1.591192379185438 ], [ 29.638545344462131, -1.592283991724088 ], [ 29.63314039858172, -1.608881922069758 ], [ 29.635988613482571, -1.6321256863065 ], [ 29.633215351609721, -1.649073397882818 ], [ 29.638403766836909, -1.658284291107331 ], [ 29.640002765113511, -1.676647781317473 ], [ 29.637029627379757, -1.694661491409497 ], [ 29.6324574940238, -1.698625673887394 ], [ 29.634647787938391, -1.700208015505328 ], [ 29.634206397557239, -1.714640635308912 ], [ 29.63873384778422, -1.722054471197318 ], [ 29.616868130887685, -1.734812439161254 ], [ 29.615946553054957, -1.743460637921538 ], [ 29.610705525821409, -1.742919395657018 ], [ 29.608196323614106, -1.747242805787713 ], [ 29.593906873972589, -1.747726632297392 ], [ 29.573075282645465, -1.741017477243703 ], [ 29.556157767282858, -1.748365354730598 ], [ 29.546963940946977, -1.746969566128762 ], [ 29.53816092159639, -1.740824284729036 ], [ 29.530414844825152, -1.751234032484037 ], [ 29.523764713269031, -1.750936282623564 ], [ 29.518619396559476, -1.7659618518698 ], [ 29.50760305145003, -1.7769972228576 ], [ 29.503100565978023, -1.770100751541885 ], [ 29.494815332044755, -1.771434673617031 ], [ 29.487864385693417, -1.766950547676025 ], [ 29.462527980812879, -1.764093954861067 ], [ 29.462247881637428, -1.752662622346178 ], [ 29.456644250308418, -1.746654483448343 ], [ 29.452551577389841, -1.747296938115521 ], [ 29.456227844319962, -1.738933132311347 ], [ 29.452008872363034, -1.735584260163107 ], [ 29.440218360641541, -1.735329727075817 ], [ 29.43426138299964, -1.739205052135594 ], [ 29.420434436966829, -1.735203863836058 ], [ 29.422659300697845, -1.717878571062018 ], [ 29.426371211508389, -1.714842080173624 ], [ 29.434902632691003, -1.714788717321865 ], [ 29.432445208300791, -1.70368443788628 ], [ 29.437180817312044, -1.692618670516281 ], [ 29.430993405036624, -1.68774851592854 ], [ 29.414719586409699, -1.687396876916385 ], [ 29.407931076316043, -1.680798100575845 ], [ 29.398654747880155, -1.680147866231702 ], [ 29.401466417285988, -1.665015307611339 ], [ 29.398965389895842, -1.659398804505822 ], [ 29.401906403561522, -1.653802312606055 ], [ 29.400859631715679, -1.638479383288453 ], [ 29.418803218884943, -1.629341091458812 ], [ 29.411845074035362, -1.61895147938402 ], [ 29.417278713315387, -1.61746254947136 ], [ 29.413081367788934, -1.609570313626139 ], [ 29.415612005801915, -1.607325804862558 ], [ 29.403701085728486, -1.598653501134975 ], [ 29.401435970041433, -1.577355487889772 ], [ 29.406007772616515, -1.569639021903372 ], [ 29.395692649571036, -1.559342925868327 ], [ 29.38100816688311, -1.562204917309141 ], [ 29.380761183007952, -1.553053958247654 ], [ 29.384320275390802, -1.552762078070035 ], [ 29.38433296526377, -1.549894034289656 ], [ 29.398685172443123, -1.549042317652022 ], [ 29.397538310186434, -1.507891589298564 ], [ 29.450090209027941, -1.50614915355335 ] ] ] ] } },
{ "type": "Feature", "properties": { "district": "Ngororero", "mean_ndvi": 0.62, "provenance": "MODIS MOD13A3 v061 (NASA LP DAAC, CC0), annual-mean NDVI 2023" }, "geometry": { "type": "MultiPolygon", "coordinates": [ [ [ [ 29.638995062743295, -1.722477390760766 ], [ 29.649188673785364, -1.726857978121311 ], [ 29.652744778141543, -1.734070124485251 ], [ 29.658865941362702, -1.734986217287931 ], [ 29.664773154988605, -1.742020801635391 ], [ 29.661899955581767, -1.753430315251245 ], [ 29.673203383416723, -1.780052017460622 ], [ 29.66887276440535, -1.799658776288937 ], [ 29.672641959335305, -1.804727357226614 ], [ 29.668682407375734, -1.817647501458239 ], [ 29.672314816054389, -1.822636972383957 ], [ 29.664803886574639, -1.830805921539457 ], [ 29.666876167421492, -1.83597634334216 ], [ 29.663322672012612, -1.86129871353859 ], [ 29.668076053737266, -1.866095704363759 ], [ 29.671176459517437, -1.875940184501024 ], [ 29.668944148627489, -1.884052309522066 ], [ 29.675173926874628, -1.896267719689817 ], [ 29.67331595499811, -1.901292536481798 ], [ 29.670104135320145, -1.901660321067801 ], [ 29.669993038040538, -1.90783010532501 ], [ 29.673095563556185, -1.910543521490231 ], [ 29.661419103861039, -1.919803711880839 ], [ 29.664147581525835, -1.93434300241537 ], [ 29.660941258097726, -1.938273871716547 ], [ 29.661776022931143, -1.944193186289025 ], [ 29.670907203986278, -1.948833135785598 ], [ 29.673649162999947, -1.959425870818551 ], [ 29.665839664944421, -1.971860737226661 ], [ 29.654632930674179, -1.976303665070461 ], [ 29.643609339783431, -1.979085617849015 ], [ 29.625705562681709, -1.973450785472117 ], [ 29.62239441088629, -1.975796702330269 ], [ 29.622033783764639, -1.979871787616636 ], [ 29.636805066294727, -1.995143395574997 ], [ 29.628649463681029, -2.007690590684058 ], [ 29.633679633404604, -2.016780295587362 ], [ 29.628423831434887, -2.021878237568942 ], [ 29.632361422860871, -2.027106992713434 ], [ 29.630862363002361, -2.037945437714707 ], [ 29.634324289309934, -2.038822468120348 ], [ 29.639252025573665, -2.049454312324945 ], [ 29.633027671349993, -2.062049377774038 ], [ 29.637176259393851, -2.066997062175433 ], [ 29.631897427751554, -2.072209675565722 ], [ 29.633556327457992, -2.079109914777698 ], [ 29.629164310641833, -2.079755426144311 ], [ 29.629770343308991, -2.08497177741926 ], [ 29.624544893540463, -2.085855884081134 ], [ 29.618036418713132, -2.082671369848879 ], [ 29.61015395890097, -2.072494496933481 ], [ 29.592291834007444, -2.074317437719294 ], [ 29.587943783653802, -2.061941667220077 ], [ 29.577936399361779, -2.06764332966508 ], [ 29.5577433414574, -2.063589955058637 ], [ 29.554720008979189, -2.05916162258859 ], [ 29.548898341932198, -2.062613288035833 ], [ 29.539272799740541, -2.0590733361631 ], [ 29.54034586442938, -2.04793522263095 ], [ 29.549282993472659, -2.040056043075895 ], [ 29.54829853866152, -2.037126918145596 ], [ 29.546870861440173, -2.035627858382486 ], [ 29.54634167608954, -2.03356495551232 ], [ 29.544910917951935, -2.032080006747813 ], [ 29.545046169330291, -2.03174009534399 ], [ 29.549480208630577, -2.027196163827052 ], [ 29.565620830334844, -2.024975776660368 ], [ 29.562581069471058, -2.020056241107744 ], [ 29.552569486575333, -2.017462628188286 ], [ 29.547578567885829, -2.01094885428949 ], [ 29.535844314444571, -2.005910150907803 ], [ 29.515096059487494, -1.979468105139225 ], [ 29.51530130728117, -1.976011793647473 ], [ 29.524248171879972, -1.975923308613553 ], [ 29.526538312619465, -1.972936340824017 ], [ 29.527002307912969, -1.962074101821505 ], [ 29.533114685926432, -1.954356215231333 ], [ 29.514542992438788, -1.941370307396783 ], [ 29.514917757538502, -1.937354966162075 ], [ 29.506470670569779, -1.930686527776341 ], [ 29.508368290921908, -1.927325538578387 ], [ 29.483758715976368, -1.915011828639256 ], [ 29.479624401866133, -1.916504939691594 ], [ 29.479136613106256, -1.909604502131203 ], [ 29.466602801353257, -1.89113988508427 ], [ 29.467203615638439, -1.882746336336248 ], [ 29.461617830461904, -1.880426362216035 ], [ 29.461730855912023, -1.875411648713538 ], [ 29.458096228287463, -1.872699062619352 ], [ 29.457128162551182, -1.861031614644452 ], [ 29.462080340709566, -1.854892155899467 ], [ 29.463021162390227, -1.846515696094797 ], [ 29.439282141739181, -1.836662964354362 ], [ 29.433893851689181, -1.830225332295651 ], [ 29.429671498271844, -1.816467289267478 ], [ 29.422775820285683, -1.811553702413234 ], [ 29.41815371730705, -1.81210335720916 ], [ 29.41369817636544, -1.801526654327135 ], [ 29.40481207953373, -1.802884136535069 ], [ 29.403521221529108, -1.799319704092647 ], [ 29.398174573523082, -1.797978878937216 ], [ 29.4106544875983, -1.791612145197369 ], [ 29.418420682378105, -1.794588735287989 ], [ 29.432600077304453, -1.779529893419094 ], [ 29.440014493319552, -1.775809155634567 ], [ 29.446700587137745, -1.777619277135248 ], [ 29.448045507383014, -1.761448473047288 ], [ 29.445062152843366, -1.75277238978396 ], [ 29.435173768890639, -1.743423576208315 ], [ 29.434854590836053, -1.738636824481669 ], [ 29.440218360641541, -1.735329727075817 ], [ 29.451674005606506, -1.735462490437766 ], [ 29.456227844319962, -1.738933132311347 ], [ 29.45248614289974, -1.747100632118624 ], [ 29.456644250308418, -1.746654483448343 ], [ 29.462247881637428, -1.752662622346178 ], [ 29.462527980812879, -1.764093954861067 ], [ 29.465003796492613, -1.765808931654994 ], [ 29.487864385693417, -1.766950547676025 ], [ 29.494815332044755, -1.771434673617031 ], [ 29.503100565978023, -1.770100751541885 ], [ 29.50760305145003, -1.7769972228576 ], [ 29.518619396559476, -1.7659618518698 ], [ 29.523764713269031, -1.750936282623564 ], [ 29.530414844825152, -1.751234032484037 ], [ 29.53816092159639, -1.740824284729036 ], [ 29.554239676032775, -1.748248147281973 ], [ 29.574820446325528, -1.740956243653239 ], [ 29.587246018413698, -1.746891597411894 ], [ 29.608196323614106, -1.747242805787713 ], [ 29.610705525821409, -1.742919395657018 ], [ 29.615946553054957, -1.743460637921538 ], [ 29.617032906286866, -1.734658648854092 ], [ 29.638995062743295, -1.722477390760766 ] ] ] ] } },
{ "type": "Feature", "properties": { "district": "Rusizi", "mean_ndvi": 0.71, "provenance": "MODIS MOD13A3 v061 (NASA LP DAAC, CC0), annual-mean NDVI 2023" }, "geometry": { "type": "MultiPolygon", "coordinates": [ [ [ [ 28.89127017585632, -2.433523309924831 ], [ 28.890113840647857, -2.446570328514164 ], [ 28.886173825695657, -2.453209478622632 ], [ 28.887030707905325, -2.448216622034947 ], [ 28.883920292822335, -2.444100889156676 ], [ 28.887125166626916, -2.443034847366062 ], [ 28.89127017585632, -2.433523309924831 ] ] ], [ [ [ 28.892438841410733, -2.4538616986248 ], [ 28.894102128116305, -2.444761605324109 ], [ 28.898340307872981, -2.433070625546525 ], [ 28.899731710389855, -2.436381204101267 ], [ 28.892438841410733, -2.4538616986248 ] ] ], [ [ [ 28.893583820483705, -2.42799326352181 ], [ 28.892738060692899, -2.424514074760804 ], [ 28.893322436823723, -2.423582409233731 ], [ 28.894269953859553, -2.424268542663832 ], [ 28.893583820483705, -2.42799326352181 ] ] ], [ [ [ 28.929730459434076, -2.394904429433968 ], [ 28.928258036145422, -2.394946411387898 ], [ 28.92930227761379, -2.39422238113877 ], [ 28.929730459434076, -2.394904429433968 ] ] ], [ [ [ 28.947713507496598, -2.391719503723694 ], [ 28.95143346828457, -2.399359015074412 ], [ 28.958583244808001, -2.392189692139661 ], [ 28.963724875082743, -2.394594503372613 ], [ 28.968704987787284, -2.390646306343446 ], [ 28.965618214673917, -2.399664348674547 ], [ 28.97050963407262, -2.396107305350091 ], [ 28.967739404940431, -2.411370238335731 ], [ 28.969765202582007, -2.423450987889417 ], [ 28.964887717127599, -2.438429328458582 ], [ 28.968098161060301, -2.44275845424623 ], [ 28.976519449981382, -2.443158659226107 ], [ 28.978584682902788, -2.447655534559655 ], [ 28.97543241733656, -2.459179317406731 ], [ 28.981786306508553, -2.471834676846299 ], [ 28.976329271589261, -2.477589032127036 ], [ 28.976411025713045, -2.488304368270442 ], [ 28.997648401141056, -2.506950993267987 ], [ 29.008552633906795, -2.526740156249432 ], [ 29.016928638531507, -2.531311712882048 ], [ 29.01749879434303, -2.535283798486503 ], [ 29.034697326824695, -2.541417779068122 ], [ 29.033847637435393, -2.559328770287001 ], [ 29.037549279096744, -2.5689800142463 ], [ 29.044983227396404, -2.56233910040172 ], [ 29.046109251531096, -2.55009368429277 ], [ 29.043719419471739, -2.545173801583953 ], [ 29.048372483820177, -2.541270072841752 ], [ 29.073682326930935, -2.532667909256993 ], [ 29.080720212651123, -2.518451723640908 ], [ 29.100758517878649, -2.52038657507673 ], [ 29.105375438507231, -2.514884336274648 ], [ 29.115329048494726, -2.513376138842789 ], [ 29.117634205640702, -2.505464463895212 ], [ 29.122664384632639, -2.505305534728625 ], [ 29.123908038574051, -2.495783409512831 ], [ 29.121031790497305, -2.4929137736251 ], [ 29.11925764214828, -2.478109653034926 ], [ 29.127515189576368, -2.487708407289158 ], [ 29.132552954810432, -2.485914517183476 ], [ 29.137990394994159, -2.49174233732635 ], [ 29.15177453806902, -2.495218581378532 ], [ 29.153085100605129, -2.489883383188665 ], [ 29.158457477476418, -2.491537852328577 ], [ 29.16655322169596, -2.482336030543292 ], [ 29.171897713560877, -2.483256212089367 ], [ 29.172892254407305, -2.480542140784966 ], [ 29.191974417138962, -2.490608375431074 ], [ 29.198490050012943, -2.487885008445959 ], [ 29.203472046602045, -2.475634501436333 ], [ 29.21498826608719, -2.482122251109597 ], [ 29.224264446063231, -2.475811102705836 ], [ 29.240874198437169, -2.472622996454779 ], [ 29.245121908389027, -2.478162679572629 ], [ 29.252046511447904, -2.475309185475685 ], [ 29.261917557904617, -2.486853288164684 ], [ 29.272631377822748, -2.492009283411431 ], [ 29.277771648148477, -2.486711225108507 ], [ 29.299698532396654, -2.49508204334755 ], [ 29.307161746994957, -2.492897688580183 ], [ 29.322543249680869, -2.507551072806086 ], [ 29.324046071271347, -2.525797313562667 ], [ 29.319149758804162, -2.537940009044774 ], [ 29.326056311362855, -2.536544706474687 ], [ 29.339225839315191, -2.540140813256498 ], [ 29.335969904280876, -2.557246620821036 ], [ 29.346924819080549, -2.559406739255301 ], [ 29.345441751705302, -2.575396056302252 ], [ 29.339735951024451, -2.581250480674939 ], [ 29.345008149140593, -2.585270009920658 ], [ 29.34254275381803, -2.593157228065448 ], [ 29.345245561906726, -2.596994087417125 ], [ 29.352936737719098, -2.595846529467394 ], [ 29.367723695657933, -2.630327864379169 ], [ 29.365337293316124, -2.63748399660096 ], [ 29.357103965732417, -2.645256193718513 ], [ 29.35206507991677, -2.660241731101717 ], [ 29.354235048775863, -2.666124685074305 ], [ 29.34907449014036, -2.6767293557201 ], [ 29.3290554918518, -2.682621983366233 ], [ 29.335029654292629, -2.669432338866993 ], [ 29.326201853735121, -2.653537539573247 ], [ 29.319824897919421, -2.656678427457994 ], [ 29.314851824980032, -2.646970226870563 ], [ 29.293579443326522, -2.640878806374382 ], [ 29.281824906163038, -2.626673424324162 ], [ 29.267096042542011, -2.624746061171096 ], [ 29.2653352411951, -2.618844997791395 ], [ 29.251344010686978, -2.626911370688188 ], [ 29.247560667107841, -2.622104859295173 ], [ 29.239303937526255, -2.627411057187385 ], [ 29.235925102984986, -2.624793650582265 ], [ 29.233141133942034, -2.628838734373698 ], [ 29.226407258835124, -2.625650256488009 ], [ 29.220434811688737, -2.63231274684393 ], [ 29.218959545639009, -2.626554451609433 ], [ 29.212987098710169, -2.621676556009094 ], [ 29.208132998806693, -2.621985886637694 ], [ 29.203421665582514, -2.615727904014574 ], [ 29.19725886139949, -2.618012186422539 ], [ 29.185956421978844, -2.61594205573656 ], [ 29.187098563058161, -2.610278937881273 ], [ 29.182577587104806, -2.614347816661634 ], [ 29.173773581659923, -2.61558513582157 ], [ 29.173797375768096, -2.610469295324037 ], [ 29.168514973073677, -2.603235733199453 ], [ 29.162518731322827, -2.600784889149932 ], [ 29.16289944471432, -2.595573868840829 ], [ 29.151025934133585, -2.595883199004602 ], [ 29.149693436313886, -2.59174293720556 ], [ 29.148789240806856, -2.595050387922269 ], [ 29.139533137797926, -2.598643373809561 ], [ 29.141627063611587, -2.604258901974212 ], [ 29.135488054395434, -2.60471099931285 ], [ 29.127945162367698, -2.610588268424821 ], [ 29.116095446926238, -2.597239491612565 ], [ 29.095560698303373, -2.597072929632371 ], [ 29.09301467484137, -2.59205226662539 ], [ 29.088945796264834, -2.59202847201975 ], [ 29.07312238079361, -2.603783010036098 ], [ 29.062295833861093, -2.602260154717734 ], [ 29.058226955197426, -2.618273927067033 ], [ 29.053468032824945, -2.619344684573745 ], [ 29.054300844741697, -2.640141173611635 ], [ 29.061796146356393, -2.649825580106409 ], [ 29.05477673672242, -2.653037852854527 ], [ 29.046734158198046, -2.671193139820154 ], [ 29.058060392767583, -2.67809357713528 ], [ 29.056704100507851, -2.683804283711096 ], [ 29.047733531858452, -2.687421064154651 ], [ 29.05499088781697, -2.689443605947936 ], [ 29.055086066504497, -2.693203153924285 ], [ 29.050469912633123, -2.694440473564073 ], [ 29.052563837511421, -2.698937655634047 ], [ 29.049875046802093, -2.702126132747866 ], [ 29.057346554591767, -2.709835586469807 ], [ 29.042379745144594, -2.725111726065906 ], [ 29.040952068169801, -2.744480539031243 ], [ 29.02125013095808, -2.719876911906284 ], [ 28.99569471991888, -2.699365957967173 ], [ 28.988461158224339, -2.699580109464117 ], [ 28.98048996448005, -2.694035965884102 ], [ 28.974707874259945, -2.69541605298816 ], [ 28.966617706692769, -2.703530015356692 ], [ 28.959455528331659, -2.693798019722522 ], [ 28.947272688485043, -2.690585747139604 ], [ 28.943751086536668, -2.693036591713744 ], [ 28.937326541438349, -2.681829330439825 ], [ 28.917552982826734, -2.680164421488841 ], [ 28.910021988651799, -2.664959666388797 ], [ 28.897601202338386, -2.660748019835351 ], [ 28.895423994922595, -2.655073005445563 ], [ 28.905774650118037, -2.645329113026494 ], [ 28.904025746451765, -2.626947776424863 ], [ 28.900349479588012, -2.621950908248595 ], [ 28.902348226253348, -2.608209521262534 ], [ 28.897494126230086, -2.59885823894693 ], [ 28.89949287316578, -2.58418886236618 ], [ 28.892889869516083, -2.560096819510031 ], [ 28.877756497521094, -2.550745537260124 ], [ 28.862623125457077, -2.532828196329461 ], [ 28.861730827018299, -2.524190753116 ], [ 28.874330073370231, -2.509414299710278 ], [ 28.889249293463525, -2.504524507206814 ], [ 28.893601969285545, -2.480789035094243 ], [ 28.895974252593604, -2.475534679435325 ], [ 28.895590649528508, -2.482202310489382 ], [ 28.898255683806887, -2.480102587866251 ], [ 28.897916268803645, -2.471234388224531 ], [ 28.901848517950615, -2.466643452084228 ], [ 28.90056571569195, -2.464330230803689 ], [ 28.896907319114909, -2.469052115745477 ], [ 28.893972488042557, -2.467674483735381 ], [ 28.904437430948704, -2.433010597820939 ], [ 28.901488819010172, -2.420502766333176 ], [ 28.908348757017297, -2.408390603843388 ], [ 28.916596102399765, -2.402775389549924 ], [ 28.920924436442167, -2.407249778722341 ], [ 28.919171667114849, -2.403460436587599 ], [ 28.926857037366986, -2.39584337969883 ], [ 28.929362551713304, -2.403267012636014 ], [ 28.930159410803611, -2.397581034599817 ], [ 28.931453590040686, -2.40316004543514 ], [ 28.933851290888125, -2.404348514819227 ], [ 28.948897967690343, -2.383975652791944 ], [ 28.950270863501014, -2.390570936231148 ], [ 28.947713507496598, -2.391719503723694 ] ] ], [ [ [ 28.941459326650179, -2.379415276236827 ], [ 28.933268711480448, -2.392639531231382 ], [ 28.930016710385878, -2.393568674907556 ], [ 28.927746645939525, -2.389894335600711 ], [ 28.929570518449477, -2.383575303843913 ], [ 28.934279584428545, -2.381664224197475 ], [ 28.93513481872354, -2.384536121149641 ], [ 28.941459326650179, -2.379415276236827 ] ] ], [ [ [ 28.932314655664737, -2.374341702469303 ], [ 28.934934822284827, -2.377572045887819 ], [ 28.927361462397716, -2.38143051164785 ], [ 28.916743196997022, -2.378030242521902 ], [ 28.912181336145345, -2.379757544846515 ], [ 28.913510187578378, -2.384930215087574 ], [ 28.920193477303698, -2.382451044197218 ], [ 28.918951814446253, -2.385630913821638 ], [ 28.925553603639322, -2.388603337493328 ], [ 28.92504213299345, -2.394130813272604 ], [ 28.921041505318293, -2.398674246146962 ], [ 28.911108771117494, -2.400058763460988 ], [ 28.910368341668331, -2.404636621846276 ], [ 28.899333558671835, -2.409632178374912 ], [ 28.899225880638888, -2.413317163713143 ], [ 28.889519091808882, -2.419205175053542 ], [ 28.886484640712091, -2.430479671926509 ], [ 28.881800642548065, -2.434024076602608 ], [ 28.879072797605811, -2.432301226047903 ], [ 28.880050873394467, -2.428433787764937 ], [ 28.883765768918565, -2.430416859608679 ], [ 28.885811653155628, -2.417360888570152 ], [ 28.893139249295768, -2.40924792841012 ], [ 28.893120269398427, -2.400322965609167 ], [ 28.895525080294703, -2.402880320807845 ], [ 28.897953168339686, -2.401091621602935 ], [ 28.896274836175042, -2.398824954611902 ], [ 28.899958610365271, -2.400120122820673 ], [ 28.899704995887866, -2.395077230266511 ], [ 28.904104940409788, -2.394090627870511 ], [ 28.902615085755166, -2.388748841513209 ], [ 28.907780331608731, -2.390848612593641 ], [ 28.911082367146552, -2.375447545148457 ], [ 28.932314655664737, -2.374341702469303 ] ] ] ] } },
{ "type": "Feature", "properties": { "district": "Nyamasheke", "mean_ndvi": 0.71, "provenance": "MODIS MOD13A3 v061 (NASA LP DAAC, CC0), annual-mean NDVI 2023" }, "geometry": { "type": "MultiPolygon", "coordinates": [ [ [ [ 29.061749125467411, -2.384236053692784 ], [ 29.060586562563465, -2.382108811448336 ], [ 29.06260003545092, -2.383427233302083 ], [ 29.061749125467411, -2.384236053692784 ] ] ], [ [ [ 29.103065603019118, -2.336245265651435 ], [ 29.1013298313554, -2.336497852836569 ], [ 29.101383199949463, -2.335353500499209 ], [ 29.103065603019118, -2.336245265651435 ] ] ], [ [ [ 29.149291349804454, -2.297682490780251 ], [ 29.150103914062967, -2.299277754190713 ], [ 29.14813373449547, -2.298310769044441 ], [ 29.149291349804454, -2.297682490780251 ] ] ], [ [ [ 29.158624400127586, -2.291591054837464 ], [ 29.157756188773522, -2.289917706222206 ], [ 29.159151263837458, -2.288815745667086 ], [ 29.158624400127586, -2.291591054837464 ] ] ], [ [ [ 29.140196806760041, -2.284485838583535 ], [ 29.138144229805167, -2.286096918539605 ], [ 29.134141933638432, -2.285124709786878 ], [ 29.13532121004145, -2.281959974323593 ], [ 29.140196806760041, -2.284485838583535 ] ] ], [ [ [ 29.145693927555268, -2.27610562775509 ], [ 29.14642475089666, -2.281540761249863 ], [ 29.14836701487333, -2.280246217164292 ], [ 29.15074554489205, -2.286512318521434 ], [ 29.146552487066604, -2.291369424707526 ], [ 29.14771717428285, -2.295247007286208 ], [ 29.143114305876367, -2.291638664774692 ], [ 29.145113371651469, -2.287362580156528 ], [ 29.14241784055088, -2.286961071905697 ], [ 29.145449734452797, -2.285447135762009 ], [ 29.145693927555268, -2.27610562775509 ] ] ], [ [ [ 29.147871583346593, -2.273973718598775 ], [ 29.146747540408178, -2.274278290806971 ], [ 29.147745873519149, -2.273783133697851 ], [ 29.147871583346593, -2.273973718598775 ] ] ], [ [ [ 29.140400020748988, -2.26961737278272 ], [ 29.137083947144177, -2.272967332267211 ], [ 29.136027619032781, -2.272804757427032 ], [ 29.136913543741688, -2.270504240838025 ], [ 29.140400020748988, -2.26961737278272 ] ] ], [ [ [ 29.153193173657559, -2.267550766861378 ], [ 29.153259209280762, -2.269300671114464 ], [ 29.152759554680252, -2.269350142166004 ], [ 29.153193173657559, -2.267550766861378 ] ] ], [ [ [ 29.164939874408283, -2.262331554603064 ], [ 29.161573559687053, -2.25971791044103 ], [ 29.161301401930643, -2.256905199437665 ], [ 29.163331886371829, -2.257055011631501 ], [ 29.164939874408283, -2.262331554603064 ] ] ], [ [ [ 29.188093502861651, -2.251764427629892 ], [ 29.187667538995171, -2.251758733910342 ], [ 29.187973378107333, -2.251421427213978 ], [ 29.188093502861651, -2.251764427629892 ] ] ], [ [ [ 29.174529891990307, -2.229517423307555 ], [ 29.181986686302565, -2.233384896415776 ], [ 29.18228514869908, -2.240174365462205 ], [ 29.178499014948638, -2.240165652879489 ], [ 29.174529891990307, -2.229517423307555 ] ] ], [ [ [ 29.181423433054341, -2.227772757245988 ], [ 29.180225450121114, -2.228351093282573 ], [ 29.18081411414936, -2.227390642079352 ], [ 29.181423433054341, -2.227772757245988 ] ] ], [ [ [ 29.188848220756828, -2.220802661715641 ], [ 29.186714226417333, -2.223056035323509 ], [ 29.184012958091465, -2.224650655647622 ], [ 29.184993257003285, -2.221443987171159 ], [ 29.188848220756828, -2.220802661715641 ] ] ], [ [ [ 29.179468041392418, -2.203649119213899 ], [ 29.179165103271242, -2.20408975758645 ], [ 29.178999865105368, -2.203690429275159 ], [ 29.179468041392418, -2.203649119213899 ] ] ], [ [ [ 29.180894878867168, -2.202010371740341 ], [ 29.184031835993814, -2.20241701311583 ], [ 29.184060617665967, -2.203416199549614 ], [ 29.182384880405603, -2.204920301561388 ], [ 29.180894878867168, -2.202010371740341 ] ] ], [ [ [ 29.191972528016073, -2.20043579656147 ], [ 29.194655841009293, -2.202012018797329 ], [ 29.194167870118399, -2.203258087369255 ], [ 29.191972528016073, -2.20043579656147 ] ] ], [ [ [ 29.209533577992833, -2.199342440798452 ], [ 29.211068803476898, -2.199365158646226 ], [ 29.210291471629514, -2.200834197749857 ], [ 29.209533577992833, -2.199342440798452 ] ] ], [ [ [ 29.247254602631497, -2.150712463458454 ], [ 29.248119323835617, -2.153395896134286 ], [ 29.243607223324332, -2.158922606671866 ], [ 29.248668836159492, -2.15924283736261 ], [ 29.252632512705159, -2.155007944657023 ], [ 29.258027425928606, -2.157239759526209 ], [ 29.257763707282962, -2.159858506384036 ], [ 29.265258766303141, -2.161399495582944 ], [ 29.262117705440932, -2.166738617866121 ], [ 29.269755793029617, -2.168229958928041 ], [ 29.275464413647917, -2.180453918418915 ], [ 29.278951731777699, -2.18017870536743 ], [ 29.280491211854603, -2.190449062493011 ], [ 29.282228109133314, -2.188803062383781 ], [ 29.285704348756784, -2.191968457190358 ], [ 29.290492308761337, -2.203769243599031 ], [ 29.293646609406846, -2.201256048234154 ], [ 29.296447044847792, -2.208779382095731 ], [ 29.302344838458954, -2.209284724632878 ], [ 29.304918677082068, -2.214676160470046 ], [ 29.309724156343975, -2.21207652360286 ], [ 29.315589101936272, -2.214008394826137 ], [ 29.315275384941696, -2.216988280326432 ], [ 29.311062463872823, -2.216723297499824 ], [ 29.304080207115206, -2.232248589657157 ], [ 29.311364919686973, -2.237343240743671 ], [ 29.311033656057528, -2.242903024334221 ], [ 29.314662837999432, -2.244519073539534 ], [ 29.31183890147399, -2.248355891890336 ], [ 29.311781160527364, -2.263485009464813 ], [ 29.317918992721637, -2.275627109297845 ], [ 29.309128556928961, -2.284922693443837 ], [ 29.305596467582788, -2.284295267430986 ], [ 29.305007199295865, -2.288543854261088 ], [ 29.311021012382849, -2.292850964051681 ], [ 29.308850506597022, -2.299502575914405 ], [ 29.320823453724788, -2.306104920757272 ], [ 29.325145798343311, -2.316005454919165 ], [ 29.320008502729422, -2.320928169512419 ], [ 29.324791219407814, -2.324628231205873 ], [ 29.327284598312456, -2.33964788761197 ], [ 29.337536563372161, -2.34824878724634 ], [ 29.34396909866248, -2.359989337593992 ], [ 29.335954347742767, -2.378393453495718 ], [ 29.330649136339161, -2.379884417894044 ], [ 29.327471736797406, -2.388716850571624 ], [ 29.32270938058733, -2.388266760577905 ], [ 29.318287593463587, -2.398644599448786 ], [ 29.328427552787709, -2.410287088555072 ], [ 29.328669896462046, -2.421651316690175 ], [ 29.32590859604321, -2.422988004692372 ], [ 29.325297055036998, -2.430042231913956 ], [ 29.309925663594036, -2.435705375545552 ], [ 29.303129891413548, -2.434087334124507 ], [ 29.299117695287499, -2.44039989519742 ], [ 29.280307969034691, -2.441856132734854 ], [ 29.272420017454998, -2.46382103988747 ], [ 29.265624246000108, -2.472315755430452 ], [ 29.269386191048302, -2.475470935528523 ], [ 29.264653420320176, -2.482024001707123 ], [ 29.277152639874622, -2.487484871057354 ], [ 29.272851477521559, -2.4920092835015 ], [ 29.261917557904617, -2.486853288164684 ], [ 29.252046511447904, -2.475309185475685 ], [ 29.245121908389027, -2.478162679572629 ], [ 29.240874198437169, -2.472622996454779 ], [ 29.224264446063231, -2.475811102705836 ], [ 29.21498826608719, -2.482122251109597 ], [ 29.203472046602045, -2.475634501436333 ], [ 29.198490050012943, -2.487885008445959 ], [ 29.191974417138962, -2.490608375431074 ], [ 29.172892254407305, -2.480542140784966 ], [ 29.171897713560877, -2.483256212089367 ], [ 29.16655322169596, -2.482336030543292 ], [ 29.158457477476418, -2.491537852328577 ], [ 29.153085100605129, -2.489883383188665 ], [ 29.15177453806902, -2.495218581378532 ], [ 29.137990394994159, -2.49174233732635 ], [ 29.132552954810432, -2.485914517183476 ], [ 29.127515189576368, -2.487708407289158 ], [ 29.11925764214828, -2.478109653034926 ], [ 29.121031790497305, -2.4929137736251 ], [ 29.123908038574051, -2.495783409512831 ], [ 29.122664384632639, -2.505305534728625 ], [ 29.117634205640702, -2.505464463895212 ], [ 29.115329048494726, -2.513376138842789 ], [ 29.105375438507231, -2.514884336274648 ], [ 29.100758517878649, -2.52038657507673 ], [ 29.080720212651123, -2.518451723640908 ], [ 29.073682326930935, -2.532667909256993 ], [ 29.048372483820177, -2.541270072841752 ], [ 29.043719419471739, -2.545173801583953 ], [ 29.046109251531096, -2.55009368429277 ], [ 29.044983227396404, -2.56233910040172 ], [ 29.037549279096744, -2.5689800142463 ], [ 29.033847637435393, -2.559328770287001 ], [ 29.034697326824695, -2.541417779068122 ], [ 29.01749879434303, -2.535283798486503 ], [ 29.016928638531507, -2.531311712882048 ], [ 29.008552633906795, -2.526740156249432 ], [ 28.997648401141056, -2.506950993267987 ], [ 28.977511616415487, -2.490503522404321 ], [ 28.976191015950938, -2.478082736598028 ], [ 28.981786306508553, -2.471834676846299 ], [ 28.97543241733656, -2.459179317406731 ], [ 28.978584682902788, -2.447655534559655 ], [ 28.976519449981382, -2.443158659226107 ], [ 28.968098161060301, -2.44275845424623 ], [ 28.964887717127599, -2.438429328458582 ], [ 28.969765202582007, -2.423450987889417 ], [ 28.967739404940431, -2.411370238335731 ], [ 28.971024817602046, -2.400753629799768 ], [ 28.976648885839307, -2.400060194695792 ], [ 28.975108107979043, -2.396856652741428 ], [ 28.978274060488264, -2.393993822772778 ], [ 28.975952930475898, -2.390248005315935 ], [ 28.989118052113913, -2.375865738365127 ], [ 28.994978349064596, -2.384969911688398 ], [ 28.999124003635423, -2.372465519057173 ], [ 29.004570251904809, -2.376196251066884 ], [ 28.997776263428044, -2.365489774620247 ], [ 29.002344084658105, -2.357780284146718 ], [ 29.006932575030369, -2.36305084748735 ], [ 29.001806694120869, -2.35047383777159 ], [ 29.006674213404107, -2.349368053633055 ], [ 29.00667506445982, -2.340696908328548 ], [ 29.009724871400618, -2.340182483494664 ], [ 29.01172660348632, -2.343930438656988 ], [ 29.014335474911807, -2.338767813855505 ], [ 29.009688126474739, -2.336524895444102 ], [ 29.016944895737545, -2.328659735295531 ], [ 29.017697741383479, -2.321608055079236 ], [ 29.022774247664159, -2.315360584747232 ], [ 29.019717494922592, -2.311544020826962 ], [ 29.026123852290791, -2.30868091627094 ], [ 29.023916173769194, -2.30569093703768 ], [ 29.020081391147095, -2.306942424512712 ], [ 29.022850675498656, -2.304220577206592 ], [ 29.020438119981161, -2.300325806212984 ], [ 29.02441280534519, -2.29954172558176 ], [ 29.019050950531501, -2.29646090865143 ], [ 29.027154240824821, -2.294956360602902 ], [ 29.029315373027611, -2.297286037110214 ], [ 29.032872847765681, -2.291530478270111 ], [ 29.041345979834251, -2.297252505365736 ], [ 29.053907720927626, -2.313371647921306 ], [ 29.049322323580807, -2.323211570538209 ], [ 29.050477010411299, -2.331130453545622 ], [ 29.042893657436874, -2.337685711635503 ], [ 29.042701430647956, -2.344803290392816 ], [ 29.044439083051849, -2.355873165673187 ], [ 29.052366422805036, -2.363035317759127 ], [ 29.056819347364183, -2.35962080662776 ], [ 29.055001638974456, -2.366745742675784 ], [ 29.060429501426153, -2.367231100338455 ], [ 29.061583708426944, -2.370680069648344 ], [ 29.056464747481581, -2.373109111728797 ], [ 29.056362029899908, -2.382554200806205 ], [ 29.040307846051228, -2.398245935550031 ], [ 29.038655633006449, -2.403266342936692 ], [ 29.049037783737578, -2.414138112408643 ], [ 29.050914537858795, -2.403907725235832 ], [ 29.059356018801235, -2.395686339321017 ], [ 29.058526533035398, -2.388990889131374 ], [ 29.067377920067877, -2.382711289846587 ], [ 29.063791700429629, -2.38079144465876 ], [ 29.066193787602934, -2.375517687384001 ], [ 29.068695266635515, -2.374048623342229 ], [ 29.076636352955134, -2.378178284730454 ], [ 29.079274746297369, -2.373264136432518 ], [ 29.078284271997372, -2.365133174621594 ], [ 29.082352188661648, -2.357171452124436 ], [ 29.077287077809334, -2.350096124175068 ], [ 29.083539323970939, -2.340219156561471 ], [ 29.074501266141848, -2.342166058213477 ], [ 29.066840284319326, -2.339206134798781 ], [ 29.067425939144098, -2.336024611360315 ], [ 29.073889160144873, -2.339511541844992 ], [ 29.078410899115884, -2.33558141424568 ], [ 29.080057059315703, -2.339839273906212 ], [ 29.086530906033218, -2.339253619364943 ], [ 29.087433130101594, -2.335169874177028 ], [ 29.094603427638635, -2.33019973471341 ], [ 29.098687173615382, -2.333349600323418 ], [ 29.095521479851278, -2.337275061860435 ], [ 29.106241450116549, -2.336391103513481 ], [ 29.102515628566099, -2.323609212855624 ], [ 29.108423770940522, -2.322579940333158 ], [ 29.109700796630605, -2.31685081154509 ], [ 29.107716454870154, -2.312472687571588 ], [ 29.104337076385018, -2.312795346177918 ], [ 29.10505730502534, -2.309789174106208 ], [ 29.109884924514329, -2.304074317483809 ], [ 29.119590347756553, -2.306723664840713 ], [ 29.120435171709143, -2.299752696805617 ], [ 29.127655748005555, -2.295771028864351 ], [ 29.131992236595007, -2.301201651630267 ], [ 29.119444910035416, -2.311527033451329 ], [ 29.1244333143927, -2.315878910531988 ], [ 29.128401328320162, -2.313324270484057 ], [ 29.129637035993195, -2.314524650743714 ], [ 29.124951635035817, -2.321445107496809 ], [ 29.117858985858838, -2.320277986186012 ], [ 29.116334986408123, -2.32367770069389 ], [ 29.120932968742348, -2.32791034872969 ], [ 29.118121158126673, -2.32923506889495 ], [ 29.115110656641988, -2.325838535363991 ], [ 29.113652310913547, -2.328537420865106 ], [ 29.116042837151742, -2.329802982616982 ], [ 29.112979255324472, -2.331754905338188 ], [ 29.114148322601441, -2.334333115603258 ], [ 29.118970722703644, -2.331593115561003 ], [ 29.116940513391366, -2.335836201465469 ], [ 29.119613506313279, -2.336722355583634 ], [ 29.116215065459826, -2.339745268844952 ], [ 29.119924068279548, -2.337626334680039 ], [ 29.122730483765643, -2.341688391085159 ], [ 29.126551086669984, -2.338133942281843 ], [ 29.121854823376417, -2.338099309096648 ], [ 29.123170023448548, -2.332298337124652 ], [ 29.128004166878402, -2.331899080806752 ], [ 29.126043108325696, -2.329789280342502 ], [ 29.129618156857219, -2.328985546064936 ], [ 29.128449090289607, -2.32377171748889 ], [ 29.134226827555349, -2.319534236701601 ], [ 29.133777738070027, -2.315353393730669 ], [ 29.139637506352265, -2.314336506214723 ], [ 29.131336068397108, -2.311841154405339 ], [ 29.136851722512489, -2.308553840228093 ], [ 29.134713333368335, -2.30576125992388 ], [ 29.139173967001945, -2.303483399557603 ], [ 29.1419707739846, -2.295482271403309 ], [ 29.150863692460451, -2.300552257294774 ], [ 29.15426957842627, -2.29828711854116 ], [ 29.150065395015691, -2.292813072587985 ], [ 29.152788863796275, -2.291380108104327 ], [ 29.153189557056169, -2.294785994075527 ], [ 29.159849024417614, -2.297334275834605 ], [ 29.158668004798656, -2.293516443742434 ], [ 29.163016026074065, -2.287065335468295 ], [ 29.156653373381118, -2.286340333252788 ], [ 29.159525618336264, -2.281565463414659 ], [ 29.154869835144275, -2.281766212226726 ], [ 29.155046360664198, -2.275765133098194 ], [ 29.157203422965754, -2.270473966591609 ], [ 29.161893381116329, -2.268558721667993 ], [ 29.165240955009022, -2.270856286193343 ], [ 29.162310715354131, -2.266050909139616 ], [ 29.167088553307725, -2.266189610853012 ], [ 29.165562937043081, -2.264968365170718 ], [ 29.166773918982432, -2.259216199298859 ], [ 29.171232536125828, -2.265936233707757 ], [ 29.174053359773151, -2.260174124559484 ], [ 29.177974490792128, -2.261457863515604 ], [ 29.177626888801196, -2.258477683587456 ], [ 29.178993830670159, -2.256152047048485 ], [ 29.179810326010358, -2.25573921278622 ], [ 29.182365778558037, -2.260523380820347 ], [ 29.179764924601709, -2.263376442768088 ], [ 29.180485419345928, -2.271194751360186 ], [ 29.190271807633938, -2.255814164117097 ], [ 29.198020792497925, -2.257190799860897 ], [ 29.199693902960682, -2.263898847089778 ], [ 29.200123225854686, -2.261441919381305 ], [ 29.203912558799548, -2.264561103598862 ], [ 29.202164984285258, -2.260656441757271 ], [ 29.207484119093451, -2.263734813788641 ], [ 29.202745016812926, -2.258052973677408 ], [ 29.204196222844715, -2.25383150805216 ], [ 29.210296637482209, -2.251380186483673 ], [ 29.206153884713121, -2.248668845765111 ], [ 29.207126477578853, -2.244848017228502 ], [ 29.201300628397441, -2.255561134936514 ], [ 29.186994550594903, -2.249618880771891 ], [ 29.185352451296069, -2.252736449574904 ], [ 29.182483743794034, -2.246802986387224 ], [ 29.191919219310439, -2.249872631301346 ], [ 29.189896535371663, -2.244275122470725 ], [ 29.183971660018212, -2.241524829599546 ], [ 29.189304487341044, -2.233205356536243 ], [ 29.18709227912894, -2.227712412463096 ], [ 29.196371212892945, -2.226768188067841 ], [ 29.194421529423806, -2.222759557819471 ], [ 29.191092829530607, -2.223718767800735 ], [ 29.19437284743379, -2.220773797484592 ], [ 29.191134379448027, -2.216687313782529 ], [ 29.194801745644028, -2.218690949160617 ], [ 29.193921696704393, -2.214612347553648 ], [ 29.197944547107387, -2.214589044865174 ], [ 29.193712566385436, -2.205420407659698 ], [ 29.198290563346593, -2.201414251790469 ], [ 29.206779955331005, -2.209982066726296 ], [ 29.211978810153852, -2.206988886836037 ], [ 29.21421077006471, -2.211575502402407 ], [ 29.218354167543996, -2.212287853801152 ], [ 29.212534457713208, -2.202831233288248 ], [ 29.215106108328058, -2.202236518797177 ], [ 29.214199226127256, -2.19398004724527 ], [ 29.210853137268792, -2.192728532080616 ], [ 29.21309464688715, -2.195635582557102 ], [ 29.210300902094115, -2.198326041737047 ], [ 29.207638332946285, -2.195765437862295 ], [ 29.203107171372558, -2.198244505470092 ], [ 29.197146951480232, -2.180633973290886 ], [ 29.200950512492152, -2.179034996653257 ], [ 29.202074589396716, -2.183121755418941 ], [ 29.208575063045181, -2.183723005447454 ], [ 29.20970785273844, -2.174046362223915 ], [ 29.217794232283211, -2.175222721309045 ], [ 29.211341684939239, -2.162217418295584 ], [ 29.216505823531659, -2.163765562072171 ], [ 29.216030923820654, -2.168640917827944 ], [ 29.219592086273973, -2.167621280152179 ], [ 29.223078878786485, -2.174268019285068 ], [ 29.223568391884012, -2.166217326315722 ], [ 29.225820792044892, -2.172588741469668 ], [ 29.231782231643958, -2.164922127462328 ], [ 29.228679584352658, -2.159067290348345 ], [ 29.235883013529577, -2.159942069622208 ], [ 29.237920288003458, -2.16714911469113 ], [ 29.242580733377391, -2.169329098818144 ], [ 29.241430892937768, -2.152034383276225 ], [ 29.242650693007004, -2.155998027448545 ], [ 29.247254602631497, -2.150712463458454 ] ] ] ] } },
{ "type": "Feature", "properties": { "district": "Rulindo", "mean_ndvi": 0.61, "provenance": "MODIS MOD13A3 v061 (NASA LP DAAC, CC0), annual-mean NDVI 2023" }, "geometry": { "type": "MultiPolygon", "coordinates": [ [ [ [ 29.901650008780909, -1.589973289562555 ], [ 29.909483115269573, -1.5897928392878 ], [ 29.917080697024044, -1.595821725142484 ], [ 29.922164097934829, -1.591708131536231 ], [ 29.936140260790268, -1.597567876565996 ], [ 29.943951818498991, -1.595730602235063 ], [ 29.950537619726628, -1.604152063410037 ], [ 29.95780810365736, -1.607283043080959 ], [ 29.958292716805015, -1.614739791865624 ], [ 29.966614053911744, -1.620497070860103 ], [ 29.967332695837872, -1.628839748657594 ], [ 29.974568846042107, -1.639177975725733 ], [ 29.978551543761533, -1.639100598786361 ], [ 29.9826406252316, -1.632318036434695 ], [ 29.993927961665761, -1.641266762040795 ], [ 29.999886693443326, -1.661481870813134 ], [ 30.007277016991509, -1.651777055846207 ], [ 30.018004662720237, -1.654293048734274 ], [ 30.013143594347724, -1.642980367673071 ], [ 30.013952686378527, -1.631191693209467 ], [ 30.010499239972841, -1.622617456761683 ], [ 30.035105676311801, -1.602038324128803 ], [ 30.04124791393707, -1.611042591251111 ], [ 30.053536992054635, -1.618258704379354 ], [ 30.076355849736849, -1.651001884850212 ], [ 30.060513679982609, -1.658904993693285 ], [ 30.061909408268026, -1.661111648869142 ], [ 30.054958159467457, -1.667984691151063 ], [ 30.063398405848289, -1.687241094547306 ], [ 30.066502552353928, -1.688107979341478 ], [ 30.083409608498073, -1.714934423343006 ], [ 30.075872907879269, -1.732902485466713 ], [ 30.086195346902276, -1.751362214193616 ], [ 30.084398962588452, -1.756471280048238 ], [ 30.099186360078196, -1.772719912515769 ], [ 30.114172883810923, -1.775219831183118 ], [ 30.12245226626526, -1.770966611799401 ], [ 30.133049762353238, -1.779852180077014 ], [ 30.128030111920683, -1.808981007694915 ], [ 30.118638120357431, -1.81926306740541 ], [ 30.113863374755585, -1.820739475577978 ], [ 30.099531533928982, -1.812684352594881 ], [ 30.094719778250013, -1.820575578222903 ], [ 30.063458256859164, -1.828838290447259 ], [ 30.05654683007948, -1.837531496606347 ], [ 30.057025034700544, -1.844266806347866 ], [ 30.051496297495188, -1.844674362857662 ], [ 30.045523428467948, -1.853896979911899 ], [ 30.029369544655424, -1.865193601378672 ], [ 30.015369939714581, -1.836085287289736 ], [ 29.998833743457507, -1.841601398425039 ], [ 29.991144582817256, -1.847507428512465 ], [ 29.992975154609937, -1.855422451638381 ], [ 29.989433264933936, -1.866773497186619 ], [ 29.979999069382714, -1.871359926917409 ], [ 29.977519338660155, -1.881042572466217 ], [ 29.980371672564758, -1.886754947209205 ], [ 29.978028572604433, -1.890675777574023 ], [ 29.986169408335609, -1.896341171174203 ], [ 29.99250167340719, -1.907353279724386 ], [ 29.982840284368503, -1.913378276539226 ], [ 29.977196669402737, -1.905778723203867 ], [ 29.975667740500306, -1.909475029215969 ], [ 29.962882102967161, -1.907621379401626 ], [ 29.963599725700256, -1.903831420472905 ], [ 29.956589478585524, -1.90017907688531 ], [ 29.959521554828129, -1.895262031532368 ], [ 29.948662042355206, -1.890948010092812 ], [ 29.942360352475177, -1.884359895134687 ], [ 29.942364091373936, -1.877992549639375 ], [ 29.93381348996461, -1.877677106711634 ], [ 29.926942910814404, -1.867817557873228 ], [ 29.918472348412486, -1.869642322103765 ], [ 29.917997848236709, -1.86441702644157 ], [ 29.911279024768159, -1.857922611112675 ], [ 29.903938641460023, -1.858128033272444 ], [ 29.903417876236539, -1.849025963310003 ], [ 29.910888730340471, -1.840097508736996 ], [ 29.907737448718912, -1.831587154127509 ], [ 29.912223824024974, -1.807047002211911 ], [ 29.932652727781125, -1.799887906534286 ], [ 29.923101622505975, -1.788046303500105 ], [ 29.921236124879936, -1.772872480181666 ], [ 29.906103942326322, -1.748870857630769 ], [ 29.901157042813871, -1.72685965379548 ], [ 29.903074881011975, -1.723585937586896 ], [ 29.896884720826083, -1.707246946266694 ], [ 29.875085330763138, -1.675180275597463 ], [ 29.872472947568831, -1.664156018067106 ], [ 29.879617507397978, -1.656858121213217 ], [ 29.880925353290802, -1.649656194244191 ], [ 29.874636850952875, -1.644581081843667 ], [ 29.864266627344819, -1.612920840487162 ], [ 29.882085008729412, -1.6091182897493 ], [ 29.887330673657562, -1.612091292326586 ], [ 29.89299873610145, -1.608238591843332 ], [ 29.905315176323331, -1.610970965126257 ], [ 29.905215839671392, -1.5953319843626 ], [ 29.901650008780909, -1.589973289562555 ] ] ] ] } },
{ "type": "Feature", "properties": { "district": "Gakenke", "mean_ndvi": 0.64, "provenance": "MODIS MOD13A3 v061 (NASA LP DAAC, CC0), annual-mean NDVI 2023" }, "geometry": { "type": "MultiPolygon", "coordinates": [ [ [ [ 29.773909946321794, -1.559364353159133 ], [ 29.779474004695651, -1.559052555755946 ], [ 29.78176960753812, -1.565931432799019 ], [ 29.786639902249252, -1.569138792753214 ], [ 29.804683138993759, -1.563845992530264 ], [ 29.812926883429782, -1.566512015203121 ], [ 29.822674184672778, -1.561389151911512 ], [ 29.837461782449989, -1.559602445065581 ], [ 29.840448222841452, -1.564049688402319 ], [ 29.837118126817803, -1.569277519729361 ], [ 29.842263535028831, -1.579819535491852 ], [ 29.853629650911525, -1.579844634250605 ], [ 29.858480562005685, -1.606920993877075 ], [ 29.86508698543236, -1.614021514489329 ], [ 29.874636850952875, -1.644581081843667 ], [ 29.880925353290802, -1.649656194244191 ], [ 29.879617507397978, -1.656858121213217 ], [ 29.872472947568831, -1.664156018067106 ], [ 29.875085330763138, -1.675180275597463 ], [ 29.896884720826083, -1.707246946266694 ], [ 29.903074881011975, -1.723585937586896 ], [ 29.901157042813871, -1.72685965379548 ], [ 29.906103942326322, -1.748870857630769 ], [ 29.921236124879936, -1.772872480181666 ], [ 29.923101622505975, -1.788046303500105 ], [ 29.932652727781125, -1.799887906534286 ], [ 29.912223824024974, -1.807047002211911 ], [ 29.907737448718912, -1.831587154127509 ], [ 29.910888730340471, -1.840097508736996 ], [ 29.903417876236539, -1.849025963310003 ], [ 29.904804500916573, -1.859874629540255 ], [ 29.901981311852847, -1.86251984907101 ], [ 29.892883702045673, -1.862480951564326 ], [ 29.879857825435614, -1.854031742223877 ], [ 29.852562797462738, -1.87329709753162 ], [ 29.841038525021574, -1.857181154620194 ], [ 29.823411534869514, -1.856643844930807 ], [ 29.816458555681692, -1.851387022049933 ], [ 29.800902792645111, -1.850785901743643 ], [ 29.796399142950541, -1.846177980417307 ], [ 29.800809135620185, -1.838734057261686 ], [ 29.79899103347957, -1.829680928249484 ], [ 29.77806643633852, -1.809442110629833 ], [ 29.771902218008133, -1.810370336253339 ], [ 29.76934444736877, -1.806803060088513 ], [ 29.769721633879151, -1.791369275093173 ], [ 29.76377363527704, -1.780880763492373 ], [ 29.748411836131321, -1.77248602544449 ], [ 29.744185913034986, -1.763710573581057 ], [ 29.747915381867458, -1.750657778482121 ], [ 29.728506820592386, -1.748160037183829 ], [ 29.716649785282133, -1.755322771680527 ], [ 29.703391300851806, -1.747270926206166 ], [ 29.701108028432742, -1.737747850673432 ], [ 29.694864349245414, -1.733688545811556 ], [ 29.668112727880406, -1.731177597243796 ], [ 29.654926743660713, -1.735177763420239 ], [ 29.649188673785364, -1.726857978121311 ], [ 29.64013601429799, -1.724609387221871 ], [ 29.635588864976221, -1.719354347915792 ], [ 29.632457493811277, -1.696918410515466 ], [ 29.637029627379757, -1.694661491409497 ], [ 29.640002765113511, -1.676647781317473 ], [ 29.638403766836909, -1.658284291107331 ], [ 29.633215351609721, -1.649073397882818 ], [ 29.635988613482571, -1.6321256863065 ], [ 29.63314039858172, -1.608881922069758 ], [ 29.63777915787092, -1.592333960292746 ], [ 29.642796251374524, -1.589423523733019 ], [ 29.647707775897025, -1.59659668258827 ], [ 29.6650290603625, -1.596441293584944 ], [ 29.667174753841913, -1.598780595575318 ], [ 29.667140963073223, -1.59247428445695 ], [ 29.67428384313223, -1.592941847707269 ], [ 29.668671047878007, -1.57934301232809 ], [ 29.67661883439845, -1.580350480499193 ], [ 29.673528786747241, -1.57462723417498 ], [ 29.678633305965754, -1.572486096899272 ], [ 29.679464403515762, -1.562559859314632 ], [ 29.684171711404762, -1.558010263495632 ], [ 29.69022134180565, -1.560958133606702 ], [ 29.70398330406141, -1.560192875352634 ], [ 29.719569634508062, -1.57453837059131 ], [ 29.728075359111244, -1.576602526625047 ], [ 29.735671606287323, -1.584125838510947 ], [ 29.749732285523471, -1.585380491098608 ], [ 29.753572255668185, -1.582231383653252 ], [ 29.751909381422784, -1.565938850305024 ], [ 29.761759197836135, -1.549663752450761 ], [ 29.773909946321794, -1.559364353159133 ] ] ] ] } },
{ "type": "Feature", "properties": { "district": "Musanze", "mean_ndvi": 0.63, "provenance": "MODIS MOD13A3 v061 (NASA LP DAAC, CC0), annual-mean NDVI 2023" }, "geometry": { "type": "MultiPolygon", "coordinates": [ [ [ [ 29.592761329319725, -1.387097892958434 ], [ 29.647717502210728, -1.386647702119096 ], [ 29.65921029912078, -1.391692159754886 ], [ 29.656229010867435, -1.425257327589166 ], [ 29.660324600740594, -1.450376804169817 ], [ 29.671485280371787, -1.446262319494467 ], [ 29.674541551703069, -1.457819426269639 ], [ 29.679620008398079, -1.456683289105957 ], [ 29.685643193607962, -1.461668824560686 ], [ 29.696056409881407, -1.457723402099608 ], [ 29.702081676091897, -1.462788289209453 ], [ 29.703078341379587, -1.467799956606144 ], [ 29.711089031030205, -1.471840554147083 ], [ 29.717782666327331, -1.482546909587948 ], [ 29.722992038582866, -1.484273073726704 ], [ 29.724990215976838, -1.492802531766898 ], [ 29.736240498605241, -1.489462003813386 ], [ 29.747106815074069, -1.481821026692639 ], [ 29.760233970066302, -1.505700545377692 ], [ 29.76496821364303, -1.528097631119887 ], [ 29.763104000467887, -1.546369221709522 ], [ 29.756588988396459, -1.561877903600799 ], [ 29.751909381422784, -1.565938850305024 ], [ 29.753329530604223, -1.583505106526231 ], [ 29.736921369443877, -1.58467037849269 ], [ 29.728075359111244, -1.576602526625047 ], [ 29.719569634508062, -1.57453837059131 ], [ 29.70398330406141, -1.560192875352634 ], [ 29.69022134180565, -1.560958133606702 ], [ 29.684171711404762, -1.558010263495632 ], [ 29.679464403515762, -1.562559859314632 ], [ 29.678633305965754, -1.572486096899272 ], [ 29.673528786747241, -1.57462723417498 ], [ 29.67661883439845, -1.580350480499193 ], [ 29.668671047878007, -1.57934301232809 ], [ 29.67428384313223, -1.592941847707269 ], [ 29.667140963073223, -1.59247428445695 ], [ 29.667174753841913, -1.598780595575318 ], [ 29.6650290603625, -1.596441293584944 ], [ 29.647707775897025, -1.59659668258827 ], [ 29.642796251374524, -1.589423523733019 ], [ 29.638545344462131, -1.592283991724088 ], [ 29.629208378134834, -1.591192379185438 ], [ 29.624477463940593, -1.584994268919797 ], [ 29.618196181012276, -1.588353080236129 ], [ 29.607795108507389, -1.587651887222373 ], [ 29.59597850337785, -1.593427127735693 ], [ 29.585627893565615, -1.592004909106794 ], [ 29.5847194274928, -1.589036008317536 ], [ 29.570125838908361, -1.583523001515591 ], [ 29.559237558514209, -1.569915534144539 ], [ 29.553217598612029, -1.576384310091351 ], [ 29.548479824083266, -1.567869282223821 ], [ 29.538277920317732, -1.574598747703392 ], [ 29.507950944485795, -1.562244658271343 ], [ 29.497860008431893, -1.562888289400572 ], [ 29.45003460910781, -1.506084576194166 ], [ 29.496155212892027, -1.442705896456934 ], [ 29.50445953213038, -1.440397819947327 ], [ 29.506053770686464, -1.433997069412849 ], [ 29.520306742208437, -1.428833639259355 ], [ 29.521567856200807, -1.426620740226682 ], [ 29.518379378383802, -1.424907528495533 ], [ 29.525969859259686, -1.409393442604372 ], [ 29.529229720944649, -1.410797324975265 ], [ 29.538985511320153, -1.405705277861714 ], [ 29.557235976400545, -1.389762889194443 ], [ 29.566468285424737, -1.386812357883558 ], [ 29.579364963779245, -1.387716552877695 ], [ 29.586979239633784, -1.392475474852612 ], [ 29.592761329319725, -1.387097892958434 ] ] ] ] } },
{ "type": "Feature", "properties": { "district": "Burera", "mean_ndvi": 0.61, "provenance": "MODIS MOD13A3 v061 (NASA LP DAAC, CC0), annual-mean NDVI 2023" }, "geometry": { "type": "MultiPolygon", "coordinates": [ [ [ [ 29.830626670093061, -1.315692175382961 ], [ 29.842286028612481, -1.320260740174692 ], [ 29.841167682342146, -1.333300186452812 ], [ 29.849400617131028, -1.338249465104208 ], [ 29.861964171398075, -1.360854344590552 ], [ 29.870982328243187, -1.355643325527473 ], [ 29.883117579175167, -1.356476136356364 ], [ 29.880857091974253, -1.371680892858353 ], [ 29.883676752466858, -1.405540622634468 ], [ 29.887888399247256, -1.413297665774781 ], [ 29.885580321932345, -1.423101044810278 ], [ 29.890957903434501, -1.429930098065836 ], [ 29.89369428364521, -1.451583192764637 ], [ 29.902712440456604, -1.460815501481165 ], [ 29.91433162671866, -1.482042515135534 ], [ 29.92508679045941, -1.479815338991708 ], [ 29.9413813388528, -1.469155352804795 ], [ 29.977644324717822, -1.45878090453231 ], [ 29.982711845969607, -1.454158890967482 ], [ 29.988180668609161, -1.46214736465241 ], [ 29.980387848361641, -1.469820129771595 ], [ 29.983422704331524, -1.486119445649975 ], [ 29.975588707823363, -1.491600954406477 ], [ 29.980708404812685, -1.501469266275741 ], [ 29.993440413721807, -1.500782522500779 ], [ 29.995506167267479, -1.50960503991129 ], [ 29.982778900014697, -1.521280692302938 ], [ 29.969391466077138, -1.518233546214235 ], [ 29.966799954630869, -1.5257228310984 ], [ 29.961435509295981, -1.5276138940764 ], [ 29.966446227279693, -1.539841082428909 ], [ 29.969821083792901, -1.540766336389994 ], [ 29.970694316887283, -1.536189772664089 ], [ 29.97263667544669, -1.537753289891152 ], [ 29.974128282709074, -1.543727106646623 ], [ 29.989835988504833, -1.556504431909901 ], [ 29.997562831543402, -1.568948007738968 ], [ 29.991051237539384, -1.569030337653323 ], [ 29.973068332772627, -1.586814028145094 ], [ 29.971454482641438, -1.569745557059146 ], [ 29.964253799729921, -1.574317194667707 ], [ 29.955868978416408, -1.565441606633585 ], [ 29.951118565387695, -1.576511443531273 ], [ 29.954499038011985, -1.593101878213416 ], [ 29.951784125035111, -1.595375078944039 ], [ 29.947660740945942, -1.593586114307333 ], [ 29.948972251874807, -1.597486677601775 ], [ 29.941626354585335, -1.59512211926197 ], [ 29.936140260790268, -1.597567876565996 ], [ 29.922277241416179, -1.591708131307358 ], [ 29.917080697024044, -1.595821725142484 ], [ 29.909483115269573, -1.5897928392878 ], [ 29.900931721689794, -1.589633927390055 ], [ 29.905151199300658, -1.595008781903401 ], [ 29.905315176323331, -1.610970965126257 ], [ 29.89299873610145, -1.608238591843332 ], [ 29.887330673657562, -1.612091292326586 ], [ 29.88598353602772, -1.609086954623326 ], [ 29.874570008553057, -1.610056623203007 ], [ 29.873241041348404, -1.612936158094649 ], [ 29.862376088306867, -1.611901423698724 ], [ 29.858480562005685, -1.606920993877075 ], [ 29.853629650911525, -1.579844634250605 ], [ 29.842263535028831, -1.579819535491852 ], [ 29.837118126817803, -1.569277519729361 ], [ 29.840448222841452, -1.564049688402319 ], [ 29.837461782449989, -1.559602445065581 ], [ 29.822674184672778, -1.561389151911512 ], [ 29.812926883429782, -1.566512015203121 ], [ 29.804683138993759, -1.563845992530264 ], [ 29.786639902249252, -1.569138792753214 ], [ 29.78176960753812, -1.565931432799019 ], [ 29.779474004695651, -1.559052555755946 ], [ 29.774259415475107, -1.559951991462506 ], [ 29.770566530994486, -1.554287339603036 ], [ 29.761692404855214, -1.54963808125225 ], [ 29.765240797491607, -1.536772818471386 ], [ 29.763422241836597, -1.517353945346277 ], [ 29.759132459863377, -1.503195149513565 ], [ 29.747106815074069, -1.481821026692639 ], [ 29.736240498605241, -1.489462003813386 ], [ 29.724990215976838, -1.492802531766898 ], [ 29.722992038582866, -1.484273073726704 ], [ 29.717782666327331, -1.482546909587948 ], [ 29.711089031030205, -1.471840554147083 ], [ 29.703078341379587, -1.467799956606144 ], [ 29.702081676091897, -1.462788289209453 ], [ 29.696056409881407, -1.457723402099608 ], [ 29.685643193607962, -1.461668824560686 ], [ 29.679620008398079, -1.456683289105957 ], [ 29.674541551703069, -1.457819426269639 ], [ 29.671485280371787, -1.446262319494467 ], [ 29.660324600740594, -1.450376804169817 ], [ 29.656229010867435, -1.425257327589166 ], [ 29.659240360373655, -1.393560067441391 ], [ 29.678341165771666, -1.382840564742694 ], [ 29.701302963953033, -1.35421564907948 ], [ 29.71793539628608, -1.343293923065282 ], [ 29.740183356878443, -1.340557542402873 ], [ 29.759123866398781, -1.347124854744632 ], [ 29.776731877481826, -1.365684650654588 ], [ 29.796362430918439, -1.372775444460396 ], [ 29.796790734606592, -1.34983744058131 ], [ 29.80935428810313, -1.329707200807522 ], [ 29.819181461919644, -1.327422917545557 ], [ 29.820870879365014, -1.310861869464151 ], [ 29.82439248200145, -1.308886916373738 ], [ 29.830626670093061, -1.315692175382961 ] ] ] ] } },
{ "type": "Feature", "properties": { "district": "Gicumbi", "mean_ndvi": 0.63, "provenance": "MODIS MOD13A3 v061 (NASA LP DAAC, CC0), annual-mean NDVI 2023" }, "geometry": { "type": "MultiPolygon", "coordinates": [ [ [ [ 30.073082178661991, -1.391720129246209 ], [ 30.08281792538358, -1.403103756481169 ], [ 30.08273366731768, -1.413490839805839 ], [ 30.093633860351446, -1.412935157793937 ], [ 30.092568131775916, -1.420378278866816 ], [ 30.095386264844304, -1.42620793513597 ], [ 30.098414654452114, -1.425643976293478 ], [ 30.09926426594075, -1.434851972877002 ], [ 30.106677835534317, -1.436943945397637 ], [ 30.108138312455363, -1.443806494249706 ], [ 30.115241415641197, -1.448249860180924 ], [ 30.125829290968049, -1.471816529923933 ], [ 30.126013504447307, -1.47939089906976 ], [ 30.13378975383463, -1.481896026363709 ], [ 30.136570570636426, -1.491022110381969 ], [ 30.133779933417479, -1.494746671162441 ], [ 30.142160846801978, -1.5027497025362 ], [ 30.145543854500172, -1.514122627498426 ], [ 30.138449781333424, -1.516582739342326 ], [ 30.139940864459771, -1.526867950697913 ], [ 30.144501185573173, -1.529289600270709 ], [ 30.156476630092744, -1.519353572762788 ], [ 30.181339073356042, -1.518785227513248 ], [ 30.178087227459223, -1.530965490392768 ], [ 30.16701596590941, -1.534316439122611 ], [ 30.162488295615958, -1.542920100175674 ], [ 30.170772299642497, -1.584117948738739 ], [ 30.189459287962794, -1.613061956128794 ], [ 30.194093170726507, -1.625567500736441 ], [ 30.208164486669009, -1.627573312700936 ], [ 30.216562344268109, -1.650230718197511 ], [ 30.224027107688922, -1.650787408316929 ], [ 30.227389174794407, -1.667412585780716 ], [ 30.242367426106096, -1.673971051716858 ], [ 30.262960220526171, -1.708497739751106 ], [ 30.247772216273503, -1.718521320843444 ], [ 30.247090725882572, -1.721979680612202 ], [ 30.252241734046603, -1.72772272432903 ], [ 30.254821866420929, -1.737907124604632 ], [ 30.255942208368808, -1.762994375069023 ], [ 30.26340558996807, -1.781209368494378 ], [ 30.274187977298041, -1.795343099691079 ], [ 30.275096146504819, -1.806981801752202 ], [ 30.271262885060519, -1.817266417298852 ], [ 30.275623520054236, -1.830468470215446 ], [ 30.260320929573293, -1.828661032390376 ], [ 30.256411768907341, -1.841096170543022 ], [ 30.251417753658078, -1.844359715816231 ], [ 30.239975405512521, -1.846273993689675 ], [ 30.218378941411828, -1.841464179258313 ], [ 30.203529515020346, -1.830740262916589 ], [ 30.189898658645266, -1.81333740377071 ], [ 30.163922475468041, -1.790795284641178 ], [ 30.147858524574723, -1.792688634934599 ], [ 30.142526409669248, -1.780638668902704 ], [ 30.138108564310247, -1.779656422461448 ], [ 30.132881439364738, -1.783862111714204 ], [ 30.1329593640246, -1.779601844275421 ], [ 30.126342656901983, -1.771997165070929 ], [ 30.118140552012008, -1.771407365560384 ], [ 30.113288802984478, -1.775254242302511 ], [ 30.099186360078196, -1.772719912515769 ], [ 30.093836107989624, -1.767818685257275 ], [ 30.084398962588452, -1.756471280048238 ], [ 30.086195346902276, -1.751362214193616 ], [ 30.076072405767146, -1.734031698725969 ], [ 30.076933388775188, -1.72593215733707 ], [ 30.081499748334924, -1.722134467483482 ], [ 30.083409608498073, -1.714934423343006 ], [ 30.066502552353928, -1.688107979341478 ], [ 30.063398405848289, -1.687241094547306 ], [ 30.055088512347595, -1.669071861162681 ], [ 30.061909408268026, -1.661111648869142 ], [ 30.060513679982609, -1.658904993693285 ], [ 30.076355849736849, -1.651001884850212 ], [ 30.053536992054635, -1.618258704379354 ], [ 30.04124791393707, -1.611042591251111 ], [ 30.035105676311801, -1.602038324128803 ], [ 30.010499239972841, -1.622617456761683 ], [ 30.013952686378527, -1.631191693209467 ], [ 30.013143594347724, -1.642980367673071 ], [ 30.018004662720237, -1.654293048734274 ], [ 30.007277016991509, -1.651777055846207 ], [ 29.999886693443326, -1.661481870813134 ], [ 29.993927961665761, -1.641266762040795 ], [ 29.9826406252316, -1.632318036434695 ], [ 29.978551543761533, -1.639100598786361 ], [ 29.974568846042107, -1.639177975725733 ], [ 29.967332695837872, -1.628839748657594 ], [ 29.966614053911744, -1.620497070860103 ], [ 29.958292716805015, -1.614739791865624 ], [ 29.95780810365736, -1.607283043080959 ], [ 29.950537619726628, -1.604152063410037 ], [ 29.943951818498991, -1.595730602235063 ], [ 29.948972251874807, -1.597486677601775 ], [ 29.947660740945942, -1.593586114307333 ], [ 29.951784125035111, -1.595375078944039 ], [ 29.954499038011985, -1.593101878213416 ], [ 29.951118565387695, -1.576511443531273 ], [ 29.955868978416408, -1.565441606633585 ], [ 29.964253799729921, -1.574317194667707 ], [ 29.971454482641438, -1.569745557059146 ], [ 29.972687637001741, -1.586803692462669 ], [ 29.991051237539384, -1.569030337653323 ], [ 29.997562831543402, -1.568948007738968 ], [ 29.989835988504833, -1.556504431909901 ], [ 29.974128282709074, -1.543727106646623 ], [ 29.97263667544669, -1.537753289891152 ], [ 29.970694316887283, -1.536189772664089 ], [ 29.969821083792901, -1.540766336389994 ], [ 29.966446227279693, -1.539841082428909 ], [ 29.961450509526841, -1.527733890874848 ], [ 29.966799954630869, -1.5257228310984 ], [ 29.969391466077138, -1.518233546214235 ], [ 29.982778900014697, -1.521280692302938 ], [ 29.995506167267479, -1.50960503991129 ], [ 29.993440413721807, -1.500782522500779 ], [ 29.980708404812685, -1.501469266275741 ], [ 29.975883036692284, -1.492971042199837 ], [ 29.983422704331524, -1.486119445649975 ], [ 29.980387848361641, -1.469820129771595 ], [ 29.988180668609161, -1.46214736465241 ], [ 29.982711845969607, -1.454158890967482 ], [ 29.996699048585484, -1.446388671463022 ], [ 30.003171182955509, -1.431141085249932 ], [ 30.0087296038174, -1.428533195371708 ], [ 30.013336239728808, -1.42008134988982 ], [ 30.02420561832427, -1.415113035809407 ], [ 30.052911436573869, -1.43108397754678 ], [ 30.055861967491861, -1.421337705859987 ], [ 30.051388580473894, -1.398133202134609 ], [ 30.073082178661991, -1.391720129246209 ] ] ] ] } },
{ "type": "Feature", "properties": { "district": "Rwamagana", "mean_ndvi": 0.59, "provenance": "MODIS MOD13A3 v061 (NASA LP DAAC, CC0), annual-mean NDVI 2023" }, "geometry": { "type": "MultiPolygon", "coordinates": [ [ [ [ 30.289196935374765, -1.823646622826528 ], [ 30.298693144506863, -1.828739146288514 ], [ 30.320227748026479, -1.858423149634297 ], [ 30.353021491561691, -1.875968322563273 ], [ 30.366664127233786, -1.869404252261413 ], [ 30.384497599048526, -1.866779359424157 ], [ 30.421617721022795, -1.845732399175561 ], [ 30.450390610595196, -1.84045761840986 ], [ 30.468035372384232, -1.842715421043475 ], [ 30.488901436726096, -1.859108652468875 ], [ 30.48255423247403, -1.88798978955362 ], [ 30.478351194578465, -1.890368904487365 ], [ 30.46139026238593, -1.885773650724617 ], [ 30.458977858070284, -1.893364335348793 ], [ 30.461472664737222, -1.902915496331063 ], [ 30.459210583786021, -1.911579928255406 ], [ 30.46673448375843, -1.922249573420276 ], [ 30.470360512008217, -1.934516733629162 ], [ 30.468810989326339, -1.96436744906623 ], [ 30.471499536067434, -1.984728608096751 ], [ 30.475054022767125, -1.998643877793941 ], [ 30.483705939396817, -2.009984134404398 ], [ 30.485852383538194, -2.021803928846579 ], [ 30.48413992276156, -2.04886660903235 ], [ 30.477821444493326, -2.058658930592403 ], [ 30.466186371968377, -2.055483613685092 ], [ 30.454119818485566, -2.059957809218249 ], [ 30.449268541933449, -2.066767000373932 ], [ 30.446940799678767, -2.078499982504115 ], [ 30.435404816291079, -2.082695414709878 ], [ 30.409053902485425, -2.085742370554411 ], [ 30.394974865218, -2.079469844049927 ], [ 30.368277229344564, -2.078398156624989 ], [ 30.297349054285572, -2.118802424265278 ], [ 30.283501166733899, -2.123309817413029 ], [ 30.280769412378284, -2.13101126013516 ], [ 30.26654628792933, -2.13351954109606 ], [ 30.267931036689777, -2.12782115067189 ], [ 30.26560983900356, -2.125599574438197 ], [ 30.270680609900332, -2.122909774180934 ], [ 30.269026880965257, -2.112598873562803 ], [ 30.260727209456988, -2.106286251465473 ], [ 30.252848230911543, -2.107866817650959 ], [ 30.249839639427542, -2.10200903008118 ], [ 30.253012862500302, -2.100214956097166 ], [ 30.246213390708608, -2.094915927725446 ], [ 30.249660319593673, -2.090891189145149 ], [ 30.244590624934386, -2.090387944895062 ], [ 30.246223352432832, -2.086995960646322 ], [ 30.241999369366102, -2.077352528310545 ], [ 30.244863359663938, -2.073650222736609 ], [ 30.241630767373017, -2.075111028366182 ], [ 30.23825357385924, -2.068685394669027 ], [ 30.236983623314764, -2.071250967558878 ], [ 30.233212689422523, -2.068765092876291 ], [ 30.231663863369857, -2.07065439913542 ], [ 30.222049187831651, -2.066196561907477 ], [ 30.22059337704281, -2.06065265034137 ], [ 30.228657635627421, -2.043305465124102 ], [ 30.229974096548041, -2.012063983720749 ], [ 30.236351475669306, -1.986977127585057 ], [ 30.231770352412962, -1.968471667416344 ], [ 30.233498787797295, -1.962442427380281 ], [ 30.24309978136494, -1.954728537370237 ], [ 30.254064348249486, -1.95137929211506 ], [ 30.265223839489984, -1.953371464546941 ], [ 30.277055368349696, -1.935040561045686 ], [ 30.270679324281893, -1.908400312311497 ], [ 30.272941904237587, -1.900107337831428 ], [ 30.258090412488656, -1.894404745477241 ], [ 30.258166649881531, -1.875661348321423 ], [ 30.265230082432076, -1.864939066052052 ], [ 30.247571173766374, -1.857421777713976 ], [ 30.24777376607263, -1.84574849773639 ], [ 30.256077746400287, -1.841605927679525 ], [ 30.260320929573293, -1.828661032390376 ], [ 30.272351916063215, -1.831643246898776 ], [ 30.289196935374765, -1.823646622826528 ] ] ] ] } },
{ "type": "Feature", "properties": { "district": "Nyagatare", "mean_ndvi": 0.59, "provenance": "MODIS MOD13A3 v061 (NASA LP DAAC, CC0), annual-mean NDVI 2023" }, "geometry": { "type": "MultiPolygon", "coordinates": [ [ [ [ 30.439305913861311, -1.0482659658543 ], [ 30.467517596751474, -1.052216664207686 ], [ 30.467098812038905, -1.055167195778929 ], [ 30.469782843965703, -1.052330878154586 ], [ 30.473056981787828, -1.056804264517366 ], [ 30.452671703691703, -1.081584833280135 ], [ 30.451244027683966, -1.088901675316676 ], [ 30.453171390601188, -1.103678128426177 ], [ 30.459096248438147, -1.117705051410419 ], [ 30.472659176391463, -1.118847192369273 ], [ 30.476549595071539, -1.122130848960803 ], [ 30.470053666291925, -1.129304923120462 ], [ 30.467733692079971, -1.139762654472421 ], [ 30.470731812952131, -1.157537228343982 ], [ 30.477584660414706, -1.161320571173845 ], [ 30.491397431640031, -1.160107046081651 ], [ 30.501105632893193, -1.163961772666605 ], [ 30.50942184866437, -1.171742610840473 ], [ 30.514632868398191, -1.192658072879039 ], [ 30.522056787129063, -1.200438910336159 ], [ 30.52405553383571, -1.212752621270051 ], [ 30.55210937934816, -1.252941716894041 ], [ 30.552359222361755, -1.272143967788485 ], [ 30.556892095616146, -1.274678093419798 ], [ 30.562281575099959, -1.289240394869532 ], [ 30.558676691486653, -1.292238515455834 ], [ 30.554607813211792, -1.306086978686855 ], [ 30.566992908052892, -1.326003067692751 ], [ 30.568777503394937, -1.337138945226251 ], [ 30.613321013701949, -1.349952342600636 ], [ 30.629203915627254, -1.384359348792303 ], [ 30.678601526104895, -1.393639246168893 ], [ 30.735887050270261, -1.449746937039548 ], [ 30.737921489696323, -1.445392523836604 ], [ 30.741098069405592, -1.452816442074056 ], [ 30.739129141447258, -1.458219039107314 ], [ 30.552893263073216, -1.469270202625345 ], [ 30.524268758484759, -1.478392304045864 ], [ 30.510661427778356, -1.47892559062153 ], [ 30.472031310662825, -1.489015392379479 ], [ 30.462948698712424, -1.471590506409136 ], [ 30.453211358082552, -1.468384044671934 ], [ 30.443740259705756, -1.475593500848086 ], [ 30.433851437754015, -1.477326329510651 ], [ 30.430802266779811, -1.484393219125906 ], [ 30.415822295969406, -1.485388392522012 ], [ 30.404991837293029, -1.481989370111185 ], [ 30.407749038412721, -1.501129159798192 ], [ 30.403305394670706, -1.522932458584405 ], [ 30.392700857282104, -1.547943643622441 ], [ 30.380858279801107, -1.542846838584034 ], [ 30.345426375312112, -1.545885871908732 ], [ 30.347027126294059, -1.496516686288368 ], [ 30.326900554949194, -1.50842859836589 ], [ 30.316012006335871, -1.531913505224326 ], [ 30.312001520876162, -1.532061910090146 ], [ 30.297251760036357, -1.528371944619201 ], [ 30.272697382943825, -1.513445073775939 ], [ 30.274628070807822, -1.496156735784953 ], [ 30.266986429649819, -1.485672252343617 ], [ 30.256766675783602, -1.482248289333797 ], [ 30.247898147779644, -1.485370822770466 ], [ 30.247588855497838, -1.489615989313877 ], [ 30.23474403751182, -1.490728049191609 ], [ 30.227539482427847, -1.495171766534121 ], [ 30.224864663642922, -1.492472846428924 ], [ 30.215681114867905, -1.497880017867155 ], [ 30.209799769869907, -1.494872563226354 ], [ 30.204614342712556, -1.498822550843237 ], [ 30.19937733724522, -1.497925998794194 ], [ 30.195878962061443, -1.500378151930687 ], [ 30.197425974678261, -1.508058781150689 ], [ 30.192132170273641, -1.514728776752834 ], [ 30.182153230309506, -1.518893509801197 ], [ 30.156476630092744, -1.519353572762788 ], [ 30.148043869915487, -1.527341396346184 ], [ 30.142242792431986, -1.528772619727895 ], [ 30.138422571903586, -1.516697020274424 ], [ 30.145507574599502, -1.513897694880936 ], [ 30.142160846801978, -1.5027497025362 ], [ 30.133779933417479, -1.494746671162441 ], [ 30.136570570636426, -1.491022110381969 ], [ 30.13378975383463, -1.481896026363709 ], [ 30.126013504447307, -1.47939089906976 ], [ 30.125829290968049, -1.471816529923933 ], [ 30.115241415641197, -1.448249860180924 ], [ 30.108138312455363, -1.443806494249706 ], [ 30.106677835534317, -1.436943945397637 ], [ 30.09926426594075, -1.434851972877002 ], [ 30.098414654452114, -1.425643976293478 ], [ 30.095386264844304, -1.42620793513597 ], [ 30.092568131775916, -1.420378278866816 ], [ 30.093633860351446, -1.412935157793937 ], [ 30.08273366731768, -1.413490839805839 ], [ 30.083254110498267, -1.404232116303293 ], [ 30.075597605588438, -1.392436521567227 ], [ 30.070729518014303, -1.391909981166282 ], [ 30.070386196995553, -1.381191439254368 ], [ 30.081788574495395, -1.373063201001141 ], [ 30.098102158919708, -1.376204089079095 ], [ 30.103679615454784, -1.371978166687287 ], [ 30.11270253183125, -1.37685130309219 ], [ 30.11827998865034, -1.384903399021192 ], [ 30.123381552909656, -1.384408470537039 ], [ 30.129263579989917, -1.362860071765105 ], [ 30.137620247076338, -1.361603717061054 ], [ 30.138857567433803, -1.355854938784481 ], [ 30.144511166469027, -1.351019874153021 ], [ 30.152715547601307, -1.351210231079295 ], [ 30.170057060131029, -1.345194953654687 ], [ 30.162404713081571, -1.334972788954318 ], [ 30.164403460319765, -1.327225264029267 ], [ 30.161643285422777, -1.318126205017625 ], [ 30.165659815840332, -1.313253068565002 ], [ 30.165754994245372, -1.306761899753159 ], [ 30.175063445314571, -1.301736477481089 ], [ 30.171256308023413, -1.272992588940339 ], [ 30.187741214293922, -1.271050948128872 ], [ 30.191434137253548, -1.281901290953693 ], [ 30.198058557190709, -1.280835292182535 ], [ 30.198134699959127, -1.274039551270175 ], [ 30.205235011542619, -1.272935482033314 ], [ 30.210793432359914, -1.276133477296692 ], [ 30.212868322044326, -1.269794592774394 ], [ 30.24306576439502, -1.241064665418587 ], [ 30.2536746431762, -1.220156801272045 ], [ 30.275637068129402, -1.20968717204604 ], [ 30.278159296792147, -1.198051608203697 ], [ 30.29231708999917, -1.189318986568457 ], [ 30.297580457840933, -1.158513531824859 ], [ 30.307217274279655, -1.144779283247785 ], [ 30.334799986980229, -1.131287739714445 ], [ 30.344622401843875, -1.131487614037125 ], [ 30.338540499216542, -1.100564138747609 ], [ 30.340696291071488, -1.092466832851738 ], [ 30.348705556653023, -1.086798957034037 ], [ 30.350947008752289, -1.076234150018108 ], [ 30.348462851853458, -1.072208101763939 ], [ 30.352317579747133, -1.068853062512964 ], [ 30.352089150258646, -1.062228642209462 ], [ 30.354487647146382, -1.064370157376975 ], [ 30.359013383028373, -1.060315556202046 ], [ 30.361840182428764, -1.06479846045831 ], [ 30.365752015872566, -1.066840038324268 ], [ 30.369492528569833, -1.064484371748484 ], [ 30.373975433613346, -1.069709668008885 ], [ 30.372076622503389, -1.065683620048981 ], [ 30.376930723233208, -1.060858072987991 ], [ 30.391592961547786, -1.068381929117227 ], [ 30.402885883472536, -1.060915180308409 ], [ 30.428569786990803, -1.064284497106449 ], [ 30.439305913861311, -1.0482659658543 ] ] ] ] } },
{ "type": "Feature", "properties": { "district": "Gatsibo", "mean_ndvi": 0.6, "provenance": "MODIS MOD13A3 v061 (NASA LP DAAC, CC0), annual-mean NDVI 2023" }, "geometry": { "type": "MultiPolygon", "coordinates": [ [ [ [ 30.739120854534487, -1.458216750150569 ], [ 30.745987861917431, -1.522058757228527 ], [ 30.83915168112858, -1.650839137365049 ], [ 30.638207891284257, -1.599707479286984 ], [ 30.515923437786146, -1.643580992344063 ], [ 30.519182496644536, -1.654067446891563 ], [ 30.529071300832459, -1.658951820690877 ], [ 30.529879862602055, -1.66204561218013 ], [ 30.526093468943277, -1.664264429077221 ], [ 30.496635584903288, -1.666563156164173 ], [ 30.488647590499269, -1.6737714143897 ], [ 30.47848870052848, -1.670769226316803 ], [ 30.46570880958425, -1.673941714204475 ], [ 30.443386676022609, -1.716248288656889 ], [ 30.444452589348217, -1.729273909528022 ], [ 30.45994605190555, -1.745079478930719 ], [ 30.459044147678121, -1.766918024357813 ], [ 30.449218975701559, -1.77547327614089 ], [ 30.449235684579673, -1.800211656377099 ], [ 30.445960627681657, -1.809660866824325 ], [ 30.428601201407549, -1.829222027664877 ], [ 30.419413146707733, -1.846655759308475 ], [ 30.384497599048526, -1.866779359424157 ], [ 30.366664127233786, -1.869404252261413 ], [ 30.353021491561691, -1.875968322563273 ], [ 30.320227748026479, -1.858423149634297 ], [ 30.294277162722732, -1.824832661425933 ], [ 30.286367628275364, -1.824148085741384 ], [ 30.275623520054236, -1.830468470215446 ], [ 30.271262885060519, -1.817266417298852 ], [ 30.275096146504819, -1.806981801752202 ], [ 30.274187977298041, -1.795343099691079 ], [ 30.26340558996807, -1.781209368494378 ], [ 30.255942208368808, -1.762994375069023 ], [ 30.254821866420929, -1.737907124604632 ], [ 30.252241734046603, -1.72772272432903 ], [ 30.247090725882572, -1.721979680612202 ], [ 30.247772216273503, -1.718521320843444 ], [ 30.262960220526171, -1.708497739751106 ], [ 30.242367426106096, -1.673971051716858 ], [ 30.227389174794407, -1.667412585780716 ], [ 30.224027107688922, -1.650787408316929 ], [ 30.216562344268109, -1.650230718197511 ], [ 30.208164486669009, -1.627573312700936 ], [ 30.194093170726507, -1.625567500736441 ], [ 30.189459287962794, -1.613061956128794 ], [ 30.170772299642497, -1.584117948738739 ], [ 30.169083378923968, -1.566508080621853 ], [ 30.163238766360355, -1.555977984523028 ], [ 30.164158962702128, -1.53728228062297 ], [ 30.178087227459223, -1.530965490392768 ], [ 30.180729564013784, -1.519039409158955 ], [ 30.194152340819496, -1.512809363396095 ], [ 30.197425974678261, -1.508058781150689 ], [ 30.19705992435113, -1.499301611527094 ], [ 30.204614342712556, -1.498822550843237 ], [ 30.209799769869907, -1.494872563226354 ], [ 30.215681114867905, -1.497880017867155 ], [ 30.22055305163537, -1.493051884907435 ], [ 30.227126783567005, -1.495271383676942 ], [ 30.23474403751182, -1.490728049191609 ], [ 30.247588855497838, -1.489615989313877 ], [ 30.247898147779644, -1.485370822770466 ], [ 30.256766675783602, -1.482248289333797 ], [ 30.266986429649819, -1.485672252343617 ], [ 30.274628070807822, -1.496156735784953 ], [ 30.272697382943825, -1.513445073775939 ], [ 30.297251760036357, -1.528371944619201 ], [ 30.312858126626903, -1.532102063636956 ], [ 30.316012006335871, -1.531913505224326 ], [ 30.326900554949194, -1.50842859836589 ], [ 30.347027126294059, -1.496516686288368 ], [ 30.345426375312112, -1.545885871908732 ], [ 30.380858279801107, -1.542846838584034 ], [ 30.392700857282104, -1.547943643622441 ], [ 30.403305394670706, -1.522932458584405 ], [ 30.407749038412721, -1.501129159798192 ], [ 30.404991837293029, -1.481989370111185 ], [ 30.415822295969406, -1.485388392522012 ], [ 30.430802266779811, -1.484393219125906 ], [ 30.433851437754015, -1.477326329510651 ], [ 30.443740259705756, -1.475593500848086 ], [ 30.453211358082552, -1.468384044671934 ], [ 30.462948698712424, -1.471590506409136 ], [ 30.472031310662825, -1.489015392379479 ], [ 30.510661427778356, -1.47892559062153 ], [ 30.524268758484759, -1.478392304045864 ], [ 30.552893263073216, -1.469270202625345 ], [ 30.739120854534487, -1.458216750150569 ] ] ] ] } },
{ "type": "Feature", "properties": { "district": "Kayonza", "mean_ndvi": 0.55, "provenance": "MODIS MOD13A3 v061 (NASA LP DAAC, CC0), annual-mean NDVI 2023" }, "geometry": { "type": "MultiPolygon", "coordinates": [ [ [ [ 30.83915168112858, -1.650839137365049 ], [ 30.821462381015053, -1.693245201971555 ], [ 30.831039711488284, -1.811385440539383 ], [ 30.807929196396831, -1.937705077065148 ], [ 30.827779874916828, -1.971525012377165 ], [ 30.82287013597502, -1.979163068379753 ], [ 30.805284078047315, -1.989442891128051 ], [ 30.804275159881332, -2.00194063760706 ], [ 30.787073662890961, -2.022960335344802 ], [ 30.768443774423186, -2.037741387333214 ], [ 30.762786348705845, -2.052820248903628 ], [ 30.74429341555399, -2.057372314410721 ], [ 30.733110233813971, -2.050970195090094 ], [ 30.725339790242316, -2.050915229560776 ], [ 30.723993444230175, -2.047437889197675 ], [ 30.709111654976201, -2.057703391181141 ], [ 30.707265234621488, -2.086190643069669 ], [ 30.696154667832459, -2.091858369345505 ], [ 30.691624185039768, -2.090885219419446 ], [ 30.693676927741915, -2.082436669724784 ], [ 30.683857889670051, -2.088331623676213 ], [ 30.674834542731993, -2.112836835339079 ], [ 30.628435456071255, -2.124998336742062 ], [ 30.619768412219813, -2.113856327493759 ], [ 30.609166374733025, -2.114179011077749 ], [ 30.611714641749003, -2.100453860906056 ], [ 30.609213090689405, -2.098392904047616 ], [ 30.606582195001302, -2.101536309801954 ], [ 30.60075655695832, -2.096253853153062 ], [ 30.587005144238379, -2.091813293678594 ], [ 30.576123509301198, -2.092155696517797 ], [ 30.575041372261826, -2.081876179921266 ], [ 30.581109027022414, -2.066208039357573 ], [ 30.57907957087723, -2.061187047800649 ], [ 30.561830762937575, -2.064136623221855 ], [ 30.558458624249056, -2.055504109538082 ], [ 30.550048550545092, -2.053424357545329 ], [ 30.540723903548269, -2.054533757549949 ], [ 30.529025447930806, -2.063715917290018 ], [ 30.524041646990401, -2.062908135888339 ], [ 30.502546489276572, -2.045524001638573 ], [ 30.482954270518061, -2.053617325491329 ], [ 30.485852383538194, -2.021803928846579 ], [ 30.483705939396817, -2.009984134404398 ], [ 30.475054022767125, -1.998643877793941 ], [ 30.471499536067434, -1.984728608096751 ], [ 30.468810989326339, -1.96436744906623 ], [ 30.470360512008217, -1.934516733629162 ], [ 30.46673448375843, -1.922249573420276 ], [ 30.459210583786021, -1.911579928255406 ], [ 30.461472664737222, -1.902915496331063 ], [ 30.458977858070284, -1.893364335348793 ], [ 30.46139026238593, -1.885773650724617 ], [ 30.478351194578465, -1.890368904487365 ], [ 30.48255423247403, -1.88798978955362 ], [ 30.488901436726096, -1.859108652468875 ], [ 30.472411504915019, -1.845336434674626 ], [ 30.462212280042312, -1.840958989547051 ], [ 30.450390610595196, -1.84045761840986 ], [ 30.419767496846188, -1.846423873467089 ], [ 30.428601201407549, -1.829222027664877 ], [ 30.445960627681657, -1.809660866824325 ], [ 30.449235684579673, -1.800211656377099 ], [ 30.449218975701559, -1.77547327614089 ], [ 30.459044147678121, -1.766918024357813 ], [ 30.45994605190555, -1.745079478930719 ], [ 30.444452589348217, -1.729273909528022 ], [ 30.443386676022609, -1.716248288656889 ], [ 30.46570880958425, -1.673941714204475 ], [ 30.47848870052848, -1.670769226316803 ], [ 30.488647590499269, -1.6737714143897 ], [ 30.496635584903288, -1.666563156164173 ], [ 30.526093468943277, -1.664264429077221 ], [ 30.529879862602055, -1.66204561218013 ], [ 30.529071300832459, -1.658951820690877 ], [ 30.519182496644536, -1.654067446891563 ], [ 30.515923437786146, -1.643580992344063 ], [ 30.638207891284257, -1.599707479286984 ], [ 30.83915168112858, -1.650839137365049 ] ] ] ] } },
{ "type": "Feature", "properties": { "district": "Kirehe", "mean_ndvi": 0.59, "provenance": "MODIS MOD13A3 v061 (NASA LP DAAC, CC0), annual-mean NDVI 2023" }, "geometry": { "type": "MultiPolygon", "coordinates": [ [ [ [ 30.827779874916828, -1.971525012377165 ], [ 30.863876274046461, -2.03196147539983 ], [ 30.876517160973439, -2.037404492394145 ], [ 30.877439200553152, -2.049718203777621 ], [ 30.884726299828081, -2.052870989634554 ], [ 30.898170255361624, -2.070092338558602 ], [ 30.899746648406214, -2.078004046404935 ], [ 30.893916968757143, -2.091864406903472 ], [ 30.886838072187437, -2.09379771866978 ], [ 30.88630269450433, -2.103375049304467 ], [ 30.874197185859472, -2.120061019377689 ], [ 30.876457674150203, -2.135170596658412 ], [ 30.866107018842982, -2.144063832355926 ], [ 30.858968634690608, -2.169048172288917 ], [ 30.85992041912472, -2.179963949627157 ], [ 30.852335887315235, -2.187251049728545 ], [ 30.849629250099653, -2.200189369223961 ], [ 30.844156490240991, -2.205781101833674 ], [ 30.846387234750772, -2.224519357845524 ], [ 30.842609840764307, -2.227166507705343 ], [ 30.842342150860734, -2.240164314066519 ], [ 30.845911342831293, -2.258932312790307 ], [ 30.853109212356756, -2.274339322485939 ], [ 30.851116413757996, -2.312232239436683 ], [ 30.857124552199394, -2.313957348405427 ], [ 30.849153358238603, -2.32451620634302 ], [ 30.838743216184472, -2.32930487144682 ], [ 30.836542215111059, -2.343194975327584 ], [ 30.826667451708463, -2.356757903459902 ], [ 30.817506526991693, -2.365651139000843 ], [ 30.805579479253598, -2.364729097222842 ], [ 30.796478040710195, -2.367643937531271 ], [ 30.791629889181092, -2.377369983598627 ], [ 30.783747923710795, -2.379898161566946 ], [ 30.780624881336827, -2.385668353948601 ], [ 30.781665896076927, -2.391349317243439 ], [ 30.776044418518467, -2.389802667928873 ], [ 30.767537845603062, -2.39268776446984 ], [ 30.762778924101156, -2.383378123015561 ], [ 30.74195863976621, -2.377726902764929 ], [ 30.731013119559712, -2.364104489337069 ], [ 30.716587636854609, -2.356728160178188 ], [ 30.708824645181615, -2.359018391318048 ], [ 30.703143682009255, -2.363688083220485 ], [ 30.695113001080077, -2.364996786617412 ], [ 30.691067918964826, -2.370410060222035 ], [ 30.688866917554545, -2.384270421243071 ], [ 30.657874436984713, -2.414132656432744 ], [ 30.644192535407051, -2.410890640990931 ], [ 30.640385398437605, -2.405090705146596 ], [ 30.62328302257832, -2.401283567218564 ], [ 30.613616461834354, -2.404138919983662 ], [ 30.607519093421082, -2.400421012488669 ], [ 30.591844393456363, -2.406220948429386 ], [ 30.578430182684617, -2.418207483218827 ], [ 30.568942081759367, -2.420289512057415 ], [ 30.550114596201777, -2.412169600827243 ], [ 30.542321861881955, -2.414043427003592 ], [ 30.533815288118547, -2.405893772451092 ], [ 30.520282104308937, -2.405774799667513 ], [ 30.510228881118596, -2.40164048649557 ], [ 30.508027880235062, -2.390367789844861 ], [ 30.494643411809911, -2.37835151172961 ], [ 30.489468083645935, -2.37745921365374 ], [ 30.485898892566929, -2.367168045175415 ], [ 30.477719495505916, -2.369131100156468 ], [ 30.470343166152279, -2.366454206797911 ], [ 30.469450868450398, -2.351909751643888 ], [ 30.457761766192107, -2.344087272809737 ], [ 30.458297145060193, -2.33340944207744 ], [ 30.462550431758594, -2.324962355789623 ], [ 30.459598390096605, -2.320416579126706 ], [ 30.466424184718544, -2.312807522227549 ], [ 30.484824784455267, -2.308554512570368 ], [ 30.485131558541873, -2.294938324332354 ], [ 30.491010132540328, -2.287227782339253 ], [ 30.496602933606923, -2.288483808332691 ], [ 30.507643421215988, -2.299335431726186 ], [ 30.512519110248874, -2.299843867868074 ], [ 30.546476922958284, -2.28603775286978 ], [ 30.560765724899948, -2.266482015320772 ], [ 30.576957159209666, -2.262431639901301 ], [ 30.587865558614862, -2.250712692184226 ], [ 30.585327194276385, -2.236847339769631 ], [ 30.581722597250799, -2.232482516703922 ], [ 30.570998516827036, -2.234503334273362 ], [ 30.58145798930666, -2.219828045665924 ], [ 30.583462092486542, -2.209507456272116 ], [ 30.601342588200879, -2.207467234332607 ], [ 30.603490853516156, -2.202085888588438 ], [ 30.615953337717198, -2.199167717760159 ], [ 30.61889196839056, -2.186900171499553 ], [ 30.622815902203527, -2.187298487121447 ], [ 30.628024149011296, -2.182342267219279 ], [ 30.636938832263645, -2.191735233103099 ], [ 30.644698355572348, -2.186685116566281 ], [ 30.660980310447254, -2.165746116389287 ], [ 30.652758759375423, -2.155300841277413 ], [ 30.639972299732065, -2.148334196360457 ], [ 30.65405889135268, -2.144266320927566 ], [ 30.65666480664045, -2.140890339128044 ], [ 30.658228026039499, -2.131357900350313 ], [ 30.655498840898836, -2.116675803359581 ], [ 30.674834542731993, -2.112836835339079 ], [ 30.68013239277164, -2.093248247438315 ], [ 30.688440124610974, -2.085164307124973 ], [ 30.693676927741915, -2.082436669724784 ], [ 30.691546030830878, -2.090788706780671 ], [ 30.696154667832459, -2.091858369345505 ], [ 30.707265234621488, -2.086190643069669 ], [ 30.709111654976201, -2.057703391181141 ], [ 30.723993444230175, -2.047437889197675 ], [ 30.725339790242316, -2.050915229560776 ], [ 30.733110233813971, -2.050970195090094 ], [ 30.74429341555399, -2.057372314410721 ], [ 30.762786348705845, -2.052820248903628 ], [ 30.768443774423186, -2.037741387333214 ], [ 30.787073662890961, -2.022960335344802 ], [ 30.804275159881332, -2.00194063760706 ], [ 30.806554237842196, -1.99481110972571 ], [ 30.803442043684068, -1.992597542525372 ], [ 30.809582673819218, -1.984713380353306 ], [ 30.814486241504195, -1.985562873046822 ], [ 30.827779874916828, -1.971525012377165 ] ] ] ] } },
{ "type": "Feature", "properties": { "district": "Ngoma", "mean_ndvi": 0.59, "provenance": "MODIS MOD13A3 v061 (NASA LP DAAC, CC0), annual-mean NDVI 2023" }, "geometry": { "type": "MultiPolygon", "coordinates": [ [ [ [ 30.516108652724675, -2.058565515796233 ], [ 30.528900358711912, -2.06375942685779 ], [ 30.540723903548269, -2.054533757549949 ], [ 30.551253552932682, -2.053413893904438 ], [ 30.558458624249056, -2.055504109538082 ], [ 30.561830762937575, -2.064136623221855 ], [ 30.57907957087723, -2.061187047800649 ], [ 30.581109027022414, -2.066208039357573 ], [ 30.575041372261826, -2.081876179921266 ], [ 30.576123509301198, -2.092155696517797 ], [ 30.587005144238379, -2.091813293678594 ], [ 30.60075655695832, -2.096253853153062 ], [ 30.606582195001302, -2.101536309801954 ], [ 30.609213090689405, -2.098392904047616 ], [ 30.611714641749003, -2.100453860906056 ], [ 30.609166374733025, -2.114179011077749 ], [ 30.619768412219813, -2.113856327493759 ], [ 30.628435456071255, -2.124998336742062 ], [ 30.65573829429124, -2.118964823460921 ], [ 30.65666480664045, -2.140890339128044 ], [ 30.65405889135268, -2.144266320927566 ], [ 30.639972299732065, -2.148334196360457 ], [ 30.652758759375423, -2.155300841277413 ], [ 30.660937261271389, -2.165838366418493 ], [ 30.644698355572348, -2.186685116566281 ], [ 30.636938832263645, -2.191735233103099 ], [ 30.628024149011296, -2.182342267219279 ], [ 30.622815902203527, -2.187298487121447 ], [ 30.61889196839056, -2.186900171499553 ], [ 30.615953337717198, -2.199167717760159 ], [ 30.603490853516156, -2.202085888588438 ], [ 30.601342588200879, -2.207467234332607 ], [ 30.583462092486542, -2.209507456272116 ], [ 30.58145798930666, -2.219828045665924 ], [ 30.570998516827036, -2.234503334273362 ], [ 30.581722597250799, -2.232482516703922 ], [ 30.585327194276385, -2.236847339769631 ], [ 30.587865558614862, -2.250712692184226 ], [ 30.575627837445957, -2.263419649921423 ], [ 30.560765724899948, -2.266482015320772 ], [ 30.548894250570381, -2.284588619196415 ], [ 30.512519110248874, -2.299843867868074 ], [ 30.507643421215988, -2.299335431726186 ], [ 30.496602933606923, -2.288483808332691 ], [ 30.491010132540328, -2.287227782339253 ], [ 30.485131558541873, -2.294938324332354 ], [ 30.484824784455267, -2.308554512570368 ], [ 30.466424184718544, -2.312807522227549 ], [ 30.459598390096605, -2.320416579126706 ], [ 30.449731084834788, -2.319489595075711 ], [ 30.437238914732397, -2.33034588583314 ], [ 30.425847245227033, -2.325676193512081 ], [ 30.421266782564153, -2.326806438012976 ], [ 30.408893585818042, -2.310834305440202 ], [ 30.392534790780726, -2.31368965906749 ], [ 30.380905175603491, -2.326479261636329 ], [ 30.37381820129805, -2.348612444190274 ], [ 30.36651303601862, -2.349926531038374 ], [ 30.358243920748343, -2.339735648593512 ], [ 30.359355730984976, -2.324999821563626 ], [ 30.353615746944943, -2.311437343109975 ], [ 30.344345980642824, -2.307386611594455 ], [ 30.343331253790343, -2.300243155586699 ], [ 30.328147914486635, -2.288282795655065 ], [ 30.329133010879968, -2.273988183916256 ], [ 30.334647411827724, -2.271943036086531 ], [ 30.333137642643333, -2.268484489925337 ], [ 30.33491510056777, -2.270015673750614 ], [ 30.337287850892999, -2.267004963697464 ], [ 30.334476089510037, -2.249093072483704 ], [ 30.340097566963589, -2.246758821543186 ], [ 30.33841647791877, -2.237903657781446 ], [ 30.335825244537617, -2.238728140402399 ], [ 30.333587361946034, -2.231971660359006 ], [ 30.333933564354368, -2.21729375536236 ], [ 30.321892667617306, -2.208579685050409 ], [ 30.327355552704226, -2.201787008302233 ], [ 30.322486970628376, -2.197964575770343 ], [ 30.315068544750851, -2.205431622395736 ], [ 30.312468404948653, -2.202701973530613 ], [ 30.309977849015748, -2.206676900765799 ], [ 30.307598902597675, -2.203637158102484 ], [ 30.30469574957986, -2.207404567770352 ], [ 30.298677551098262, -2.204052911768407 ], [ 30.297411711363882, -2.207053880360955 ], [ 30.296437528036577, -2.203505593900863 ], [ 30.292727256779695, -2.205620319284172 ], [ 30.293466079958741, -2.203029086371158 ], [ 30.278796702447139, -2.209185942343422 ], [ 30.275999476518731, -2.195548900690701 ], [ 30.271766492821325, -2.195265399886902 ], [ 30.274280603827439, -2.193644583792809 ], [ 30.266097518345244, -2.188584568838593 ], [ 30.269368796317359, -2.17811359728594 ], [ 30.259589418013977, -2.173618651692647 ], [ 30.273958181588739, -2.149628456324328 ], [ 30.27035185645714, -2.145225153571421 ], [ 30.266486513943359, -2.145773075282399 ], [ 30.269634576770645, -2.137843146060316 ], [ 30.266634017499442, -2.137552010055162 ], [ 30.270341894444634, -2.132616838197822 ], [ 30.281053094869989, -2.130853659798624 ], [ 30.283501166733899, -2.123309817413029 ], [ 30.297349054285572, -2.118802424265278 ], [ 30.368277229344564, -2.078398156624989 ], [ 30.394974865218, -2.079469844049927 ], [ 30.409053902485425, -2.085742370554411 ], [ 30.435404816291079, -2.082695414709878 ], [ 30.446940799678767, -2.078499982504115 ], [ 30.449631118605492, -2.065925822611901 ], [ 30.457955879943974, -2.057796852504865 ], [ 30.467092812670902, -2.055483613180357 ], [ 30.477821444493326, -2.058658930592403 ], [ 30.482954270518061, -2.053617325491329 ], [ 30.502546489276572, -2.045524001638573 ], [ 30.50895572060362, -2.048566986660076 ], [ 30.516108652724675, -2.058565515796233 ] ] ] ] } },
{ "type": "Feature", "properties": { "district": "Bugesera", "mean_ndvi": 0.53, "provenance": "MODIS MOD13A3 v061 (NASA LP DAAC, CC0), annual-mean NDVI 2023" }, "geometry": { "type": "MultiPolygon", "coordinates": [ [ [ [ 30.172602524074183, -2.028218841605241 ], [ 30.175372022049654, -2.035192397035103 ], [ 30.180990715221522, -2.033618366753293 ], [ 30.189697698893678, -2.042554480814682 ], [ 30.193782209386178, -2.053582661645266 ], [ 30.190753693636342, -2.055744463720377 ], [ 30.19266644064799, -2.060456595515881 ], [ 30.195097222578443, -2.061751684527581 ], [ 30.19913192359515, -2.057039552033755 ], [ 30.200945047646801, -2.066473776552694 ], [ 30.204830315027053, -2.065308196552308 ], [ 30.203923752878723, -2.06793822325811 ], [ 30.20680283475798, -2.068037846465122 ], [ 30.20466095626773, -2.073546956935621 ], [ 30.208068037757393, -2.079743457455882 ], [ 30.210867421329578, -2.075629060072568 ], [ 30.22179649965874, -2.07243066693233 ], [ 30.222094848873009, -2.066164952500208 ], [ 30.231663863369857, -2.07065439913542 ], [ 30.238791533977007, -2.068884638389494 ], [ 30.241630767373017, -2.075111028366182 ], [ 30.244863359663938, -2.073650222736609 ], [ 30.241999369366102, -2.077352528310545 ], [ 30.246223352432832, -2.086995960646322 ], [ 30.244590624934386, -2.090387944895062 ], [ 30.249660319593673, -2.090891189145149 ], [ 30.246213390708608, -2.094915927725446 ], [ 30.253012862500302, -2.100214956097166 ], [ 30.249839639427542, -2.10200903008118 ], [ 30.252848230911543, -2.107866817650959 ], [ 30.260727209456988, -2.106286251465473 ], [ 30.269026880965257, -2.112598873562803 ], [ 30.270680609900332, -2.122909774180934 ], [ 30.267462811278804, -2.122561096913979 ], [ 30.270081225235359, -2.124852012305445 ], [ 30.265221312029237, -2.126894663420518 ], [ 30.267931036689777, -2.12782115067189 ], [ 30.266287269611169, -2.133270486924292 ], [ 30.270341894751315, -2.132901883350632 ], [ 30.266436702329464, -2.138032428319086 ], [ 30.269634576770645, -2.137843146060316 ], [ 30.266327118313949, -2.145414435892905 ], [ 30.270580987555036, -2.145344700222407 ], [ 30.273958181588739, -2.149628456324328 ], [ 30.259589418013977, -2.173618651692647 ], [ 30.269368796317359, -2.17811359728594 ], [ 30.266097518345244, -2.188584568838593 ], [ 30.274280603827439, -2.193644583792809 ], [ 30.271766492821325, -2.195265399886902 ], [ 30.275999476518731, -2.195548900690701 ], [ 30.278796702447139, -2.209185942343422 ], [ 30.293466079958741, -2.203029086371158 ], [ 30.292727256779695, -2.205620319284172 ], [ 30.296437528036577, -2.203505593900863 ], [ 30.297411711363882, -2.207053880360955 ], [ 30.298677551098262, -2.204052911768407 ], [ 30.30469574957986, -2.207404567770352 ], [ 30.307598902597675, -2.203637158102484 ], [ 30.309977849015748, -2.206676900765799 ], [ 30.312468404948653, -2.202701973530613 ], [ 30.315068544750851, -2.205431622395736 ], [ 30.322486970628376, -2.197964575770343 ], [ 30.327355552704226, -2.201787008302233 ], [ 30.321892667617306, -2.208579685050409 ], [ 30.333933564354368, -2.21729375536236 ], [ 30.333587361946034, -2.231971660359006 ], [ 30.335825244537617, -2.238728140402399 ], [ 30.33841647791877, -2.237903657781446 ], [ 30.340097566963589, -2.246758821543186 ], [ 30.334476089510037, -2.249093072483704 ], [ 30.337287850892999, -2.267004963697464 ], [ 30.33491510056777, -2.270015673750614 ], [ 30.333137642643333, -2.268484489925337 ], [ 30.334647411827724, -2.271943036086531 ], [ 30.329133010879968, -2.273988183916256 ], [ 30.328147914486635, -2.288282795655065 ], [ 30.343331253790343, -2.300243155586699 ], [ 30.344345980642824, -2.307386611594455 ], [ 30.353615746944943, -2.311437343109975 ], [ 30.359355730984976, -2.324999821563626 ], [ 30.359003460805909, -2.341672631901511 ], [ 30.362817012598203, -2.342645556456936 ], [ 30.36651303601862, -2.349926531038374 ], [ 30.374172133235295, -2.347667786140228 ], [ 30.374421143989746, -2.355687144792503 ], [ 30.280075516378869, -2.375972049769181 ], [ 30.254797493557192, -2.373902595871929 ], [ 30.242448091374726, -2.360018440865879 ], [ 30.225744274072568, -2.369655257301533 ], [ 30.215465003269919, -2.371225701632545 ], [ 30.214215785079986, -2.382504347372312 ], [ 30.199046721467205, -2.388464897108619 ], [ 30.196869515209031, -2.409701586657486 ], [ 30.184163192821615, -2.429082296080763 ], [ 30.164389872223239, -2.427047856992957 ], [ 30.13865600096883, -2.437719739663203 ], [ 30.129340411116203, -2.4378625070774 ], [ 30.097681682769402, -2.42365712509262 ], [ 30.063024832780972, -2.394032836095846 ], [ 30.047249007069333, -2.363302095862623 ], [ 30.034542685022139, -2.351702224754849 ], [ 30.018588398694302, -2.344242613774183 ], [ 29.997601553999285, -2.344028462865616 ], [ 29.95920899404306, -2.326913923213167 ], [ 29.966184829792155, -2.317638622444213 ], [ 29.961243567724907, -2.303970452512498 ], [ 29.961073640106946, -2.293309523690356 ], [ 29.97346120201528, -2.274370510172845 ], [ 29.973266803512523, -2.263966488098162 ], [ 29.979244393513142, -2.255918673675436 ], [ 29.979348830858001, -2.248255172618327 ], [ 29.984533215587771, -2.243254761692043 ], [ 29.983716956417808, -2.230461274764154 ], [ 29.990287379235678, -2.218481581064858 ], [ 29.988764635022573, -2.202304873539349 ], [ 29.984275206088761, -2.198140079057349 ], [ 29.986440115793457, -2.190031414780608 ], [ 29.981657878407251, -2.171254386584354 ], [ 29.983416777792606, -2.155116761747222 ], [ 29.98612132448179, -2.146503141332844 ], [ 29.988691672035202, -2.14409545368433 ], [ 29.99376642884306, -2.14555980464164 ], [ 30.003340523294295, -2.139065796710411 ], [ 30.009705985353978, -2.13150310856953 ], [ 30.011280016937867, -2.121799903900483 ], [ 30.018133876409578, -2.118183551766454 ], [ 30.020810139496124, -2.111764019162677 ], [ 30.015634852864565, -2.103941609641261 ], [ 30.017576141644653, -2.098219322090318 ], [ 30.014862888960732, -2.093468411188563 ], [ 30.018354929040878, -2.076375533233032 ], [ 30.024509403946329, -2.068171916343489 ], [ 30.027815680037655, -2.069451775712558 ], [ 30.027198898627812, -2.063926773158764 ], [ 30.039352810337444, -2.068907885406728 ], [ 30.040289847002796, -2.065664487234396 ], [ 30.036589935888266, -2.065625867784207 ], [ 30.039853772735796, -2.061876090632656 ], [ 30.038491039725777, -2.059232389457142 ], [ 30.04522928047616, -2.059553109606225 ], [ 30.044977647450885, -2.055607520534318 ], [ 30.054348944407437, -2.054335305118127 ], [ 30.058158129272297, -2.056455616384188 ], [ 30.055664290254505, -2.065959067494088 ], [ 30.062288786416648, -2.066697447246258 ], [ 30.066563334991912, -2.071197182126241 ], [ 30.073157954298814, -2.064179149737408 ], [ 30.076877183720153, -2.069253242765563 ], [ 30.079099208547799, -2.062395195041125 ], [ 30.081635157754317, -2.064792338893925 ], [ 30.090093732636429, -2.059251166274167 ], [ 30.09134233096778, -2.064006467378869 ], [ 30.094981862497519, -2.06105764929257 ], [ 30.096243744318294, -2.064458088039994 ], [ 30.101676476791642, -2.055890576855932 ], [ 30.10420023948965, -2.060034861167921 ], [ 30.110119460673044, -2.05627246157344 ], [ 30.113715823675477, -2.060267313325317 ], [ 30.118168936524985, -2.054688467625917 ], [ 30.119962137977851, -2.059390637797891 ], [ 30.119822665795592, -2.056332234493363 ], [ 30.125700377784508, -2.055365899314506 ], [ 30.123608310345574, -2.049567885330628 ], [ 30.127921953561952, -2.052815570396533 ], [ 30.132903064666319, -2.043859531375799 ], [ 30.134726151576132, -2.047645176333102 ], [ 30.137117085757222, -2.046091069541731 ], [ 30.134686302583649, -2.042952969826932 ], [ 30.138202967709333, -2.043331533642942 ], [ 30.137246593511588, -2.039545889113738 ], [ 30.147218779402106, -2.040940600887174 ], [ 30.152737850781619, -2.034365533513966 ], [ 30.157539642950155, -2.035620773508769 ], [ 30.157958056021073, -2.030799057147814 ], [ 30.161604229282073, -2.032024410109248 ], [ 30.162431093440301, -2.029474081589258 ], [ 30.16558911909538, -2.033877384144619 ], [ 30.166665038396246, -2.030051890589819 ], [ 30.171945016247996, -2.031307130304208 ], [ 30.172602524074183, -2.028218841605241 ] ] ] ] } }
]
}
